Study Name,Respondent Name,Gender,Age,Group,Type,Label,Start (ms),Duration (ms),Parent Stimulus,Count Frames,Anger Threshold,Anger Frames >= Threshold,Anger Time Percentage,Sadness Threshold,Sadness Frames >= Threshold,Sadness Time Percentage,Disgust Threshold,Disgust Frames >= Threshold,Disgust Time Percentage,Joy Threshold,Joy Frames >= Threshold,Joy Time Percentage,Surprise Threshold,Surprise Frames >= Threshold,Surprise Time Percentage,Fear Threshold,Fear Frames >= Threshold,Fear Time Percentage,Contempt Threshold,Contempt Frames >= Threshold,Contempt Time Percentage,Engagement Threshold,Engagement Frames >= Threshold,Engagement Time Percentage,Attention Threshold,Attention Frames >= Threshold,Attention Time Percentage,Positive Threshold,Positive Frames >= Threshold,Positive Time Percentage,Negative Threshold,Negative Frames <= Threshold,Negative Time Percentage,Neutral Threshold,Neutral Frames Between Threshold,Neutral Time Percentage,Brow Furrow Threshold,Brow Furrow Frames >= Threshold,Brow Furrow Time Percentage,Brow Raise Threshold,Brow Raise Frames >= Threshold,Brow Raise Time Percentage,Lip Corner Depressor Threshold,Lip Corner Depressor Frames >= Threshold,Lip Corner Depressor Time Percentage,Smile Threshold,Smile Frames >= Threshold,Smile Time Percentage,Inner Brow Raise Threshold,Inner Brow Raise Frames >= Threshold,Inner Brow Raise Time Percentage,Eye Closure Threshold,Eye Closure Frames >= Threshold,Eye Closure Time Percentage,Nose Wrinkle Threshold,Nose Wrinkle Frames >= Threshold,Nose Wrinkle Time Percentage,Upper Lip Raise Threshold,Upper Lip Raise Frames >= Threshold,Upper Lip Raise Time Percentage,Lip Suck Threshold,Lip Suck Frames >= Threshold,Lip Suck Time Percentage,Lip Press Threshold,Lip Press Frames >= Threshold,Lip Press Time Percentage,Mouth Open Threshold,Mouth Open Frames >= Threshold,Mouth Open Time Percentage,Chin Raise Threshold,Chin Raise Frames >= Threshold,Chin Raise Time Percentage,Smirk Threshold,Smirk Frames >= Threshold,Smirk Time Percentage,Lip Pucker Threshold,Lip Pucker Frames >= Threshold,Lip Pucker Time Percentage,Cheek Raise Threshold,Cheek Raise Frames >= Threshold,Cheek Raise Time Percentage,Dimpler Threshold,Dimpler Frames >= Threshold,Dimpler Time Percentage,Eye Widen Threshold,Eye Widen Frames >= Threshold,Eye Widen Time Percentage,Lid Tighten Threshold,Lid Tighten Frames >= Threshold,Lid Tighten Time Percentage,Lip Stretch Threshold,Lip Stretch Frames >= Threshold,Lip Stretch Time Percentage,Jaw Drop Threshold,Jaw Drop Frames >= Threshold,Jaw Drop Time Percentage
Study-USJ-BU-001,P08,Female,46,G1,Stimulus,Survey-Starting-Agreement,228,31617,,474,30,0,0,30,0,0,30,0,0,30,0,0,30,0,0,30,0,0,30,0,0,30,26,5.49,30,468,98.73,30,0,0,-30,0,0,-30|30,472,99.58,30,0,0,30,5,1.05,30,0,0,30,0,0,30,0,0,30,0,0,30,0,0,30,0,0,30,0,0,30,17,3.59,30,0,0,30,0,0,30,0,0,30,90,18.99,30,0,0,30,15,3.16,30,0,0,30,0,0,30,0,0,30,41,8.65
Study-USJ-BU-001,P08,Female,46,G1,Stimulus,Instructions-Part-1,31971,12805,,192,30,0,0,30,0,0,30,0,0,30,0,0,30,0,0,30,0,0,30,0,0,30,3,1.56,30,192,100,30,0,0,-30,4,2.08,-30|30,188,97.92,30,0,0,30,0,0,30,0,0,30,0,0,30,0,0,30,0,0,30,0,0,30,0,0,30,9,4.69,30,12,6.25,30,0,0,30,0,0,30,0,0,30,18,9.38,30,0,0,30,14,7.29,30,2,1.04,30,0,0,30,2,1.04,30,0,0
Study-USJ-BU-001,P08,Female,46,G1,Stimulus,logo01,44836,5999,,90,30,0,0,30,0,0,30,0,0,30,0,0,30,0,0,30,0,0,30,0,0,30,0,0,30,89,98.89,30,0,0,-30,0,0,-30|30,89,98.89,30,0,0,30,0,0,30,0,0,30,0,0,30,0,0,30,0,0,30,0,0,30,0,0,30,0,0,30,0,0,30,0,0,30,0,0,30,0,0,30,3,3.33,30,0,0,30,2,2.22,30,0,0,30,0,0,30,0,0,30,0,0
Study-USJ-BU-001,P08,Female,46,G1,Stimulus,logo02_name-white,50896,6002,,89,30,0,0,30,0,0,30,0,0,30,0,0,30,0,0,30,0,0,30,0,0,30,0,0,30,89,100,30,0,0,-30,0,0,-30|30,89,100,30,0,0,30,0,0,30,0,0,30,0,0,30,0,0,30,0,0,30,0,0,30,0,0,30,0,0,30,0,0,30,0,0,30,0,0,30,0,0,30,0,0,30,0,0,30,0,0,30,0,0,30,0,0,30,0,0,30,0,0
Study-USJ-BU-001,P08,Female,46,G1,Stimulus,logo03_name-white,56958,5987,,90,30,0,0,30,0,0,30,0,0,30,0,0,30,0,0,30,0,0,30,0,0,30,0,0,30,89,98.89,30,0,0,-30,0,0,-30|30,89,98.89,30,0,0,30,0,0,30,0,0,30,0,0,30,0,0,30,0,0,30,0,0,30,0,0,30,0,0,30,0,0,30,0,0,30,0,0,30,0,0,30,0,0,30,0,0,30,0,0,30,30,33.33,30,0,0,30,0,0,30,0,0
Study-USJ-BU-001,P08,Female,46,G1,Stimulus,logo04_name-white,63173,5991,,90,30,0,0,30,0,0,30,0,0,30,0,0,30,0,0,30,0,0,30,0,0,30,0,0,30,90,100,30,0,0,-30,0,0,-30|30,90,100,30,0,0,30,0,0,30,0,0,30,0,0,30,0,0,30,0,0,30,0,0,30,0,0,30,0,0,30,0,0,30,0,0,30,0,0,30,0,0,30,0,0,30,0,0,30,0,0,30,0,0,30,0,0,30,0,0,30,0,0
Study-USJ-BU-001,P08,Female,46,G1,Stimulus,Survey-FavoriteBrand,69400,15244,,228,30,0,0,30,0,0,30,0,0,30,0,0,30,0,0,30,0,0,30,0,0,30,16,7.02,30,228,100,30,0,0,-30,0,0,-30|30,228,100,30,0,0,30,0,0,30,0,0,30,0,0,30,0,0,30,0,0,30,0,0,30,0,0,30,0,0,30,25,10.96,30,0,0,30,0,0,30,0,0,30,23,10.09,30,0,0,30,0,0,30,0,0,30,0,0,30,0,0,30,24,10.53
Study-USJ-BU-001,P08,Female,46,G1,Stimulus,Survey-BrandAwareness,84764,8644,,129,30,0,0,30,0,0,30,0,0,30,0,0,30,0,0,30,0,0,30,0,0,30,1,0.78,30,128,99.22,30,0,0,-30,0,0,-30|30,128,99.22,30,0,0,30,0,0,30,0,0,30,0,0,30,0,0,30,0,0,30,0,0,30,0,0,30,0,0,30,12,9.3,30,0,0,30,0,0,30,0,0,30,27,20.93,30,0,0,30,4,3.1,30,0,0,30,0,0,30,0,0,30,6,4.65
Study-USJ-BU-001,P08,Female,46,G1,Stimulus,Instructions-Part-2,93489,14685,,220,30,0,0,30,0,0,30,0,0,30,0,0,30,0,0,30,0,0,30,0,0,30,0,0,30,220,100,30,0,0,-30,0,0,-30|30,220,100,30,0,0,30,0,0,30,0,0,30,0,0,30,0,0,30,0,0,30,0,0,30,0,0,30,0,0,30,0,0,30,0,0,30,0,0,30,0,0,30,3,1.36,30,0,0,30,0,0,30,0,0,30,0,0,30,0,0,30,0,0
Study-USJ-BU-001,P08,Female,46,G1,Stimulus,logo-product01,108222,5991,,90,30,0,0,30,0,0,30,0,0,30,0,0,30,0,0,30,0,0,30,0,0,30,0,0,30,90,100,30,0,0,-30,0,0,-30|30,90,100,30,0,0,30,40,44.44,30,0,0,30,0,0,30,0,0,30,0,0,30,0,0,30,0,0,30,0,0,30,0,0,30,0,0,30,0,0,30,0,0,30,19,21.11,30,0,0,30,1,1.11,30,0,0,30,0,0,30,0,0,30,0,0
Study-USJ-BU-001,P08,Female,46,G1,Stimulus,logo-product02,114282,5992,,90,30,0,0,30,0,0,30,0,0,30,0,0,30,0,0,30,0,0,30,0,0,30,0,0,30,90,100,30,0,0,-30,0,0,-30|30,90,100,30,0,0,30,2,2.22,30,0,0,30,0,0,30,0,0,30,0,0,30,0,0,30,0,0,30,0,0,30,0,0,30,0,0,30,0,0,30,0,0,30,0,0,30,0,0,30,0,0,30,0,0,30,0,0,30,0,0,30,0,0
Study-USJ-BU-001,P08,Female,46,G1,Stimulus,logo-product03,120323,5998,,89,30,0,0,30,0,0,30,0,0,30,0,0,30,0,0,30,0,0,30,0,0,30,0,0,30,89,100,30,0,0,-30,0,0,-30|30,89,100,30,0,0,30,3,3.37,30,0,0,30,0,0,30,0,0,30,0,0,30,0,0,30,0,0,30,0,0,30,0,0,30,0,0,30,0,0,30,0,0,30,0,0,30,0,0,30,0,0,30,0,0,30,0,0,30,0,0,30,0,0
Study-USJ-BU-001,P08,Female,46,G1,Stimulus,logo-product04,126568,6001,,90,30,0,0,30,0,0,30,0,0,30,0,0,30,0,0,30,0,0,30,0,0,30,0,0,30,90,100,30,0,0,-30,0,0,-30|30,90,100,30,0,0,30,0,0,30,0,0,30,0,0,30,0,0,30,0,0,30,0,0,30,0,0,30,0,0,30,0,0,30,0,0,30,0,0,30,0,0,30,0,0,30,0,0,30,0,0,30,0,0,30,0,0,30,0,0,30,0,0
Study-USJ-BU-001,P08,Female,46,G1,Stimulus,Survey-FavoriteProduct,132665,9761,,147,30,0,0,30,0,0,30,0,0,30,0,0,30,0,0,30,0,0,30,0,0,30,0,0,30,146,99.32,30,0,0,-30,0,0,-30|30,146,99.32,30,0,0,30,0,0,30,0,0,30,0,0,30,0,0,30,0,0,30,0,0,30,0,0,30,0,0,30,0,0,30,0,0,30,0,0,30,0,0,30,0,0,30,0,0,30,0,0,30,0,0,30,0,0,30,0,0,30,0,0
Study-USJ-BU-001,P08,Female,46,G1,Stimulus,Instructions-Part-3,142515,9787,,147,30,0,0,30,0,0,30,0,0,30,0,0,30,0,0,30,0,0,30,0,0,30,0,0,30,146,99.32,30,0,0,-30,0,0,-30|30,146,99.32,30,0,0,30,0,0,30,0,0,30,0,0,30,0,0,30,0,0,30,0,0,30,0,0,30,0,0,30,0,0,30,0,0,30,0,0,30,0,0,30,0,0,30,0,0,30,0,0,30,0,0,30,0,0,30,0,0,30,0,0
Study-USJ-BU-001,P08,Female,46,G1,Stimulus,video01 - LOOK,152381,64481,,966,30,0,0,30,0,0,30,0,0,30,0,0,30,0,0,30,0,0,30,0,0,30,87,9.01,30,965,99.9,30,0,0,-30,0,0,-30|30,965,99.9,30,0,0,30,0,0,30,0,0,30,0,0,30,0,0,30,0,0,30,0,0,30,0,0,30,0,0,30,0,0,30,0,0,30,0,0,30,0,0,30,0,0,30,0,0,30,0,0,30,7,0.72,30,0,0,30,0,0,30,0,0
Study-USJ-BU-001,P08,Female,46,G1,Stimulus,video02 - Pinarello,216922,60616,,908,30,0,0,30,0,0,30,0,0,30,0,0,30,0,0,30,0,0,30,0,0,30,0,0,30,908,100,30,0,0,-30,0,0,-30|30,908,100,30,0,0,30,22,2.42,30,0,0,30,0,0,30,0,0,30,0,0,30,0,0,30,0,0,30,0,0,30,0,0,30,0,0,30,0,0,30,0,0,30,0,0,30,0,0,30,0,0,30,0,0,30,0,0,30,0,0,30,0,0
Study-USJ-BU-001,P08,Female,46,G1,Stimulus,video03 - Trek,277608,70193,,1052,30,0,0,30,0,0,30,0,0,30,0,0,30,0,0,30,0,0,30,0,0,30,15,1.43,30,1052,100,30,0,0,-30,15,1.43,-30|30,1037,98.57,30,16,1.52,30,12,1.14,30,0,0,30,0,0,30,0,0,30,0,0,30,0,0,30,0,0,30,17,1.62,30,16,1.52,30,0,0,30,9,0.86,30,0,0,30,0,0,30,0,0,30,14,1.33,30,55,5.23,30,0,0,30,4,0.38,30,0,0
Study-USJ-BU-001,P08,Female,46,G1,Stimulus,video04 - Specialized,348025,60173,,901,30,0,0,30,0,0,30,0,0,30,0,0,30,0,0,30,0,0,30,0,0,30,27,3,30,900,99.89,30,0,0,-30,28,3.11,-30|30,872,96.78,30,0,0,30,0,0,30,7,0.78,30,0,0,30,0,0,30,0,0,30,0,0,30,0,0,30,29,3.22,30,28,3.11,30,0,0,30,0,0,30,0,0,30,0,0,30,0,0,30,28,3.11,30,0,0,30,0,0,30,11,1.22,30,0,0
Study-USJ-BU-001,P08,Female,46,G1,Stimulus,Survey-FavoriteVideoAd,408228,13975,,209,30,0,0,30,0,0,30,0,0,30,0,0,30,0,0,30,0,0,30,0,0,30,0,0,30,209,100,30,0,0,-30,0,0,-30|30,209,100,30,0,0,30,0,0,30,0,0,30,0,0,30,0,0,30,0,0,30,0,0,30,0,0,30,0,0,30,0,0,30,0,0,30,0,0,30,0,0,30,0,0,30,0,0,30,0,0,30,0,0,30,0,0,30,0,0,30,0,0
Study-USJ-BU-001,P07,Female,13,G1,Stimulus,Survey-Starting-Agreement,363,14184,,212,30,0,0,30,0,0,30,0,0,30,0,0,30,0,0,30,0,0,30,0,0,30,7,3.3,30,209,98.58,30,0,0,-30,0,0,-30|30,209,98.58,30,0,0,30,0,0,30,0,0,30,0,0,30,0,0,30,3,1.42,30,0,0,30,0,0,30,0,0,30,20,9.43,30,0,0,30,0,0,30,0,0,30,0,0,30,0,0,30,6,2.83,30,0,0,30,0,0,30,0,0,30,0,0
Study-USJ-BU-001,P07,Female,13,G1,Stimulus,Instructions-Part-1,14697,5930,,89,30,0,0,30,0,0,30,0,0,30,0,0,30,0,0,30,0,0,30,0,0,30,0,0,30,88,98.88,30,0,0,-30,0,0,-30|30,88,98.88,30,0,0,30,18,20.22,30,0,0,30,0,0,30,0,0,30,4,4.49,30,0,0,30,0,0,30,0,0,30,0,0,30,0,0,30,0,0,30,0,0,30,3,3.37,30,0,0,30,0,0,30,0,0,30,0,0,30,0,0,30,0,0
Study-USJ-BU-001,P07,Female,13,G1,Stimulus,logo01,20678,6002,,90,30,0,0,30,0,0,30,0,0,30,0,0,30,0,0,30,0,0,30,0,0,30,0,0,30,90,100,30,0,0,-30,0,0,-30|30,90,100,30,0,0,30,1,1.11,30,0,0,30,0,0,30,0,0,30,0,0,30,0,0,30,0,0,30,0,0,30,0,0,30,0,0,30,0,0,30,0,0,30,13,14.44,30,0,0,30,0,0,30,0,0,30,0,0,30,0,0,30,0,0
Study-USJ-BU-001,P07,Female,13,G1,Stimulus,logo02_name-white,26719,5989,,90,30,0,0,30,0,0,30,0,0,30,0,0,30,0,0,30,0,0,30,0,0,30,0,0,30,90,100,30,0,0,-30,0,0,-30|30,90,100,30,0,0,30,10,11.11,30,0,0,30,0,0,30,0,0,30,0,0,30,0,0,30,0,0,30,0,0,30,0,0,30,0,0,30,0,0,30,0,0,30,0,0,30,0,0,30,0,0,30,0,0,30,0,0,30,0,0,30,4,4.44
Study-USJ-BU-001,P07,Female,13,G1,Stimulus,logo03_name-white,32756,5998,,90,30,0,0,30,0,0,30,0,0,30,0,0,30,0,0,30,0,0,30,0,0,30,0,0,30,90,100,30,0,0,-30,0,0,-30|30,90,100,30,0,0,30,0,0,30,0,0,30,0,0,30,0,0,30,0,0,30,0,0,30,0,0,30,0,0,30,0,0,30,0,0,30,0,0,30,0,0,30,0,0,30,0,0,30,0,0,30,0,0,30,0,0,30,0,0,30,0,0
Study-USJ-BU-001,P07,Female,13,G1,Stimulus,logo04_name-white,39032,5988,,90,30,0,0,30,0,0,30,0,0,30,0,0,30,0,0,30,0,0,30,0,0,30,0,0,30,90,100,30,0,0,-30,0,0,-30|30,90,100,30,0,0,30,0,0,30,0,0,30,0,0,30,0,0,30,0,0,30,0,0,30,0,0,30,0,0,30,0,0,30,0,0,30,0,0,30,0,0,30,0,0,30,0,0,30,0,0,30,0,0,30,0,0,30,0,0,30,0,0
Study-USJ-BU-001,P07,Female,13,G1,Stimulus,Survey-FavoriteBrand,45258,13518,,203,30,0,0,30,0,0,30,0,0,30,0,0,30,0,0,30,0,0,30,0,0,30,15,7.39,30,203,100,30,0,0,-30,0,0,-30|30,203,100,30,0,0,30,9,4.43,30,0,0,30,0,0,30,0,0,30,1,0.49,30,0,0,30,0,0,30,0,0,30,0,0,30,23,11.33,30,0,0,30,0,0,30,0,0,30,0,0,30,0,0,30,0,0,30,0,0,30,0,0,30,1,0.49
Study-USJ-BU-001,P07,Female,13,G1,Stimulus,Survey-BrandAwareness,58884,6804,,102,30,0,0,30,0,0,30,0,0,30,0,0,30,0,0,30,0,0,30,0,0,30,0,0,30,102,100,30,0,0,-30,0,0,-30|30,102,100,30,0,0,30,18,17.65,30,0,0,30,0,0,30,0,0,30,0,0,30,0,0,30,0,0,30,0,0,30,0,0,30,0,0,30,0,0,30,0,0,30,0,0,30,0,0,30,0,0,30,0,0,30,0,0,30,0,0,30,0,0
Study-USJ-BU-001,P07,Female,13,G1,Stimulus,Instructions-Part-2,65798,5244,,78,30,0,0,30,0,0,30,0,0,30,0,0,30,0,0,30,0,0,30,0,0,30,0,0,30,78,100,30,0,0,-30,0,0,-30|30,78,100,30,0,0,30,0,0,30,0,0,30,0,0,30,0,0,30,0,0,30,0,0,30,0,0,30,0,0,30,0,0,30,0,0,30,0,0,30,0,0,30,0,0,30,0,0,30,0,0,30,0,0,30,0,0,30,0,0,30,0,0
Study-USJ-BU-001,P07,Female,13,G1,Stimulus,logo-product01,71109,5988,,90,30,0,0,30,0,0,30,0,0,30,0,0,30,0,0,30,0,0,30,0,0,30,0,0,30,90,100,30,0,0,-30,0,0,-30|30,90,100,30,0,0,30,0,0,30,0,0,30,0,0,30,0,0,30,3,3.33,30,0,0,30,0,0,30,0,0,30,0,0,30,0,0,30,0,0,30,0,0,30,0,0,30,0,0,30,0,0,30,0,0,30,0,0,30,0,0,30,0,0
Study-USJ-BU-001,P07,Female,13,G1,Stimulus,logo-product02,77145,6002,,90,30,0,0,30,0,0,30,0,0,30,0,0,30,0,0,30,0,0,30,0,0,30,0,0,30,90,100,30,0,0,-30,0,0,-30|30,90,100,30,0,0,30,16,17.78,30,0,0,30,0,0,30,0,0,30,1,1.11,30,0,0,30,0,0,30,0,0,30,0,0,30,0,0,30,0,0,30,0,0,30,0,0,30,0,0,30,0,0,30,0,0,30,0,0,30,0,0,30,0,0
Study-USJ-BU-001,P07,Female,13,G1,Stimulus,logo-product03,83215,5994,,90,30,0,0,30,0,0,30,0,0,30,0,0,30,0,0,30,0,0,30,0,0,30,5,5.56,30,90,100,30,0,0,-30,0,0,-30|30,90,100,30,0,0,30,36,40,30,0,0,30,0,0,30,0,0,30,3,3.33,30,0,0,30,0,0,30,0,0,30,0,0,30,6,6.67,30,0,0,30,0,0,30,0,0,30,0,0,30,0,0,30,0,0,30,0,0,30,0,0,30,0,0
Study-USJ-BU-001,P07,Female,13,G1,Stimulus,logo-product04,89453,5988,,90,30,0,0,30,0,0,30,0,0,30,0,0,30,0,0,30,0,0,30,0,0,30,0,0,30,89,98.89,30,0,0,-30,0,0,-30|30,89,98.89,30,0,0,30,20,22.22,30,0,0,30,0,0,30,0,0,30,0,0,30,0,0,30,0,0,30,0,0,30,0,0,30,0,0,30,0,0,30,0,0,30,0,0,30,0,0,30,0,0,30,0,0,30,0,0,30,0,0,30,0,0
Study-USJ-BU-001,P07,Female,13,G1,Stimulus,Survey-FavoriteProduct,95556,11079,,166,30,0,0,30,0,0,30,0,0,30,0,0,30,0,0,30,0,0,30,0,0,30,0,0,30,166,100,30,0,0,-30,0,0,-30|30,166,100,30,0,0,30,38,22.89,30,0,0,30,0,0,30,0,0,30,0,0,30,0,0,30,0,0,30,0,0,30,0,0,30,0,0,30,0,0,30,0,0,30,0,0,30,0,0,30,0,0,30,0,0,30,0,0,30,0,0,30,0,0
Study-USJ-BU-001,P07,Female,13,G1,Stimulus,Instructions-Part-3,106734,7162,,108,30,0,0,30,0,0,30,0,0,30,0,0,30,0,0,30,0,0,30,0,0,30,0,0,30,107,99.07,30,0,0,-30,0,0,-30|30,107,99.07,30,0,0,30,4,3.7,30,0,0,30,0,0,30,0,0,30,0,0,30,0,0,30,0,0,30,0,0,30,0,0,30,0,0,30,0,0,30,0,0,30,0,0,30,0,0,30,0,0,30,0,0,30,0,0,30,0,0,30,0,0
Study-USJ-BU-001,P07,Female,13,G1,Stimulus,video01 - LOOK,113958,64677,,969,30,0,0,30,0,0,30,0,0,30,0,0,30,0,0,30,0,0,30,0,0,30,8,0.83,30,969,100,30,0,0,-30,0,0,-30|30,969,100,30,0,0,30,195,20.12,30,0,0,30,0,0,30,8,0.83,30,45,4.64,30,0,0,30,0,0,30,0,0,30,0,0,30,2,0.21,30,0,0,30,0,0,30,0,0,30,0,0,30,0,0,30,0,0,30,0,0,30,0,0,30,0,0
Study-USJ-BU-001,P07,Female,13,G1,Stimulus,video02 - Pinarello,178701,60622,,908,30,0,0,30,0,0,30,0,0,30,0,0,30,0,0,30,0,0,30,0,0,30,14,1.54,30,908,100,30,0,0,-30,0,0,-30|30,908,100,30,0,0,30,214,23.57,30,0,0,30,0,0,30,0,0,30,5,0.55,30,0,0,30,0,0,30,0,0,30,0,0,30,0,0,30,0,0,30,0,0,30,0,0,30,0,0,30,0,0,30,0,0,30,0,0,30,0,0,30,0,0
Study-USJ-BU-001,P07,Female,13,G1,Stimulus,video03 - Trek,239393,69995,,1049,30,0,0,30,0,0,30,0,0,30,0,0,30,0,0,30,0,0,30,0,0,30,0,0,30,1049,100,30,0,0,-30,0,0,-30|30,1049,100,30,0,0,30,53,5.05,30,0,0,30,0,0,30,0,0,30,9,0.86,30,0,0,30,0,0,30,0,0,30,0,0,30,0,0,30,0,0,30,0,0,30,0,0,30,0,0,30,0,0,30,0,0,30,0,0,30,0,0,30,0,0
Study-USJ-BU-001,P07,Female,13,G1,Stimulus,video04 - Specialized,309593,60166,,901,30,0,0,30,0,0,30,0,0,30,0,0,30,0,0,30,0,0,30,0,0,30,0,0,30,901,100,30,0,0,-30,0,0,-30|30,901,100,30,0,0,30,0,0,30,0,0,30,0,0,30,0,0,30,2,0.22,30,0,0,30,0,0,30,0,0,30,0,0,30,0,0,30,0,0,30,0,0,30,0,0,30,0,0,30,0,0,30,0,0,30,0,0,30,0,0,30,0,0
Study-USJ-BU-001,P07,Female,13,G1,Stimulus,Survey-FavoriteVideoAd,369814,18368,,275,30,0,0,30,0,0,30,0,0,30,0,0,30,0,0,30,0,0,30,0,0,30,36,13.09,30,275,100,30,0,0,-30,0,0,-30|30,275,100,30,0,0,30,101,36.73,30,0,0,30,0,0,30,1,0.36,30,62,22.55,30,0,0,30,0,0,30,0,0,30,0,0,30,0,0,30,0,0,30,0,0,30,0,0,30,0,0,30,0,0,30,0,0,30,0,0,30,0,0,30,0,0
Study-USJ-BU-001,P06,Female,17,G1,Stimulus,Survey-Starting-Agreement,207,5030,,76,30,0,0,30,0,0,30,0,0,30,25,32.89,30,10,13.16,30,0,0,30,0,0,30,45,59.21,30,60,78.95,30,25,32.89,-30,0,0,-30|30,35,46.05,30,0,0,30,27,35.53,30,0,0,30,27,35.53,30,39,51.32,30,28,36.84,30,0,0,30,0,0,30,0,0,30,25,32.89,30,5,6.58,30,0,0,30,0,0,30,2,2.63,30,0,0,30,0,0,30,0,0,30,0,0,30,9,11.84,30,11,14.47
Study-USJ-BU-001,P06,Female,17,G1,Stimulus,Instructions-Part-1,5325,11359,,170,30,0,0,30,0,0,30,0,0,30,0,0,30,0,0,30,0,0,30,0,0,30,0,0,30,170,100,30,0,0,-30,4,2.35,-30|30,166,97.65,30,0,0,30,0,0,30,0,0,30,0,0,30,130,76.47,30,14,8.24,30,0,0,30,0,0,30,0,0,30,0,0,30,0,0,30,0,0,30,0,0,30,37,21.76,30,0,0,30,0,0,30,13,7.65,30,0,0,30,0,0,30,0,0
Study-USJ-BU-001,P06,Female,17,G1,Stimulus,logo01,16736,5984,,90,30,0,0,30,0,0,30,0,0,30,42,46.67,30,0,0,30,0,0,30,0,0,30,44,48.89,30,90,100,30,42,46.67,-30,1,1.11,-30|30,47,52.22,30,0,0,30,0,0,30,0,0,30,44,48.89,30,90,100,30,15,16.67,30,0,0,30,0,0,30,0,0,30,20,22.22,30,7,7.78,30,0,0,30,0,0,30,25,27.78,30,21,23.33,30,2,2.22,30,0,0,30,0,0,30,35,38.89,30,0,0
Study-USJ-BU-001,P06,Female,17,G1,Stimulus,logo02_name-white,22776,5999,,89,30,0,0,30,0,0,30,0,0,30,0,0,30,0,0,30,0,0,30,0,0,30,0,0,30,89,100,30,0,0,-30,0,0,-30|30,89,100,30,0,0,30,0,0,30,0,0,30,0,0,30,78,87.64,30,8,8.99,30,0,0,30,0,0,30,0,0,30,0,0,30,0,0,30,0,0,30,0,0,30,0,0,30,0,0,30,0,0,30,0,0,30,0,0,30,0,0,30,0,0
Study-USJ-BU-001,P06,Female,17,G1,Stimulus,logo03_name-white,28824,5998,,90,30,0,0,30,0,0,30,0,0,30,0,0,30,0,0,30,0,0,30,0,0,30,0,0,30,89,98.89,30,0,0,-30,0,0,-30|30,89,98.89,30,0,0,30,6,6.67,30,0,0,30,0,0,30,79,87.78,30,4,4.44,30,0,0,30,0,0,30,0,0,30,0,0,30,0,0,30,0,0,30,0,0,30,0,0,30,0,0,30,0,0,30,0,0,30,0,0,30,0,0,30,0,0
Study-USJ-BU-001,P06,Female,17,G1,Stimulus,logo04_name-white,35025,5995,,90,30,0,0,30,0,0,30,0,0,30,0,0,30,13,14.44,30,0,0,30,0,0,30,49,54.44,30,90,100,30,0,0,-30,10,11.11,-30|30,80,88.89,30,0,0,30,85,94.44,30,1,1.11,30,0,0,30,36,40,30,13,14.44,30,0,0,30,0,0,30,17,18.89,30,11,12.22,30,0,0,30,7,7.78,30,0,0,30,0,0,30,0,0,30,0,0,30,0,0,30,0,0,30,0,0,30,0,0
Study-USJ-BU-001,P06,Female,17,G1,Stimulus,Survey-FavoriteBrand,41283,20706,,310,30,0,0,30,0,0,30,0,0,30,1,0.32,30,64,20.65,30,0,0,30,0,0,30,123,39.68,30,247,79.68,30,1,0.32,-30,15,4.84,-30|30,231,74.52,30,0,0,30,55,17.74,30,19,6.13,30,1,0.32,30,73,23.55,30,22,7.1,30,0,0,30,0,0,30,0,0,30,0,0,30,135,43.55,30,0,0,30,0,0,30,0,0,30,1,0.32,30,0,0,30,0,0,30,0,0,30,0,0,30,164,52.9
Study-USJ-BU-001,P06,Female,17,G1,Stimulus,Survey-BrandAwareness,62140,12349,,185,30,0,0,30,0,0,30,0,0,30,27,14.59,30,24,12.97,30,0,0,30,0,0,30,29,15.68,30,168,90.81,30,27,14.59,-30,23,12.43,-30|30,118,63.78,30,0,0,30,0,0,30,22,11.89,30,28,15.14,30,71,38.38,30,14,7.57,30,0,0,30,0,0,30,0,0,30,10,5.41,30,27,14.59,30,5,2.7,30,0,0,30,13,7.03,30,8,4.32,30,0,0,30,0,0,30,0,0,30,0,0,30,29,15.68
Study-USJ-BU-001,P06,Female,17,G1,Stimulus,Instructions-Part-2,74568,14652,,220,30,0,0,30,97,44.09,30,0,0,30,0,0,30,4,1.82,30,0,0,30,0,0,30,62,28.18,30,220,100,30,0,0,-30,166,75.45,-30|30,54,24.55,30,0,0,30,18,8.18,30,144,65.45,30,0,0,30,220,100,30,24,10.91,30,0,0,30,0,0,30,0,0,30,0,0,30,2,0.91,30,0,0,30,0,0,30,0,0,30,0,0,30,0,0,30,0,0,30,0,0,30,0,0,30,0,0
Study-USJ-BU-001,P06,Female,17,G1,Stimulus,logo-product01,89287,5999,,90,30,0,0,30,0,0,30,0,0,30,0,0,30,3,3.33,30,0,0,30,0,0,30,4,4.44,30,90,100,30,0,0,-30,8,8.89,-30|30,82,91.11,30,0,0,30,14,15.56,30,0,0,30,0,0,30,90,100,30,8,8.89,30,0,0,30,0,0,30,0,0,30,0,0,30,2,2.22,30,0,0,30,0,0,30,0,0,30,0,0,30,0,0,30,0,0,30,0,0,30,0,0,30,0,0
Study-USJ-BU-001,P06,Female,17,G1,Stimulus,logo-product02,95333,5998,,90,30,0,0,30,0,0,30,0,0,30,0,0,30,0,0,30,0,0,30,0,0,30,0,0,30,90,100,30,0,0,-30,6,6.67,-30|30,84,93.33,30,0,0,30,0,0,30,0,0,30,0,0,30,90,100,30,11,12.22,30,0,0,30,0,0,30,0,0,30,0,0,30,0,0,30,0,0,30,0,0,30,0,0,30,0,0,30,0,0,30,0,0,30,0,0,30,0,0,30,0,0
Study-USJ-BU-001,P06,Female,17,G1,Stimulus,logo-product03,101404,5994,,89,30,0,0,30,0,0,30,0,0,30,0,0,30,0,0,30,0,0,30,0,0,30,0,0,30,89,100,30,0,0,-30,0,0,-30|30,89,100,30,0,0,30,0,0,30,0,0,30,0,0,30,76,85.39,30,8,8.99,30,0,0,30,0,0,30,0,0,30,0,0,30,0,0,30,0,0,30,0,0,30,0,0,30,0,0,30,0,0,30,0,0,30,0,0,30,0,0,30,0,0
Study-USJ-BU-001,P06,Female,17,G1,Stimulus,logo-product04,107618,5999,,89,30,0,0,30,0,0,30,0,0,30,0,0,30,0,0,30,0,0,30,0,0,30,0,0,30,89,100,30,0,0,-30,0,0,-30|30,89,100,30,0,0,30,0,0,30,0,0,30,0,0,30,60,67.42,30,11,12.36,30,0,0,30,0,0,30,0,0,30,0,0,30,0,0,30,0,0,30,0,0,30,0,0,30,0,0,30,0,0,30,0,0,30,0,0,30,0,0,30,0,0
Study-USJ-BU-001,P06,Female,17,G1,Stimulus,Survey-FavoriteProduct,113715,10039,,150,30,0,0,30,0,0,30,0,0,30,0,0,30,0,0,30,0,0,30,0,0,30,0,0,30,149,99.33,30,0,0,-30,0,0,-30|30,149,99.33,30,0,0,30,0,0,30,0,0,30,0,0,30,106,70.67,30,12,8,30,0,0,30,0,0,30,0,0,30,0,0,30,0,0,30,0,0,30,0,0,30,0,0,30,0,0,30,0,0,30,0,0,30,0,0,30,0,0,30,0,0
Study-USJ-BU-001,P06,Female,17,G1,Stimulus,Instructions-Part-3,123859,7716,,115,30,0,0,30,0,0,30,0,0,30,0,0,30,0,0,30,0,0,30,0,0,30,14,12.17,30,115,100,30,0,0,-30,2,1.74,-30|30,113,98.26,30,0,0,30,6,5.22,30,0,0,30,0,0,30,82,71.3,30,9,7.83,30,0,0,30,0,0,30,5,4.35,30,25,21.74,30,0,0,30,0,0,30,0,0,30,0,0,30,0,0,30,12,10.43,30,0,0,30,0,0,30,0,0,30,0,0
Study-USJ-BU-001,P06,Female,17,G1,Stimulus,video01 - LOOK,131649,64667,,968,30,0,0,30,0,0,30,0,0,30,0,0,30,3,0.31,30,0,0,30,0,0,30,14,1.45,30,968,100,30,0,0,-30,2,0.21,-30|30,966,99.79,30,0,0,30,7,0.72,30,0,0,30,0,0,30,585,60.43,30,89,9.19,30,0,0,30,0,0,30,0,0,30,31,3.2,30,67,6.92,30,0,0,30,0,0,30,0,0,30,0,0,30,27,2.79,30,0,0,30,0,0,30,0,0,30,71,7.33
Study-USJ-BU-001,P06,Female,17,G1,Stimulus,video02 - Pinarello,196372,60631,,908,30,0,0,30,0,0,30,0,0,30,0,0,30,16,1.76,30,0,0,30,0,0,30,83,9.14,30,906,99.78,30,0,0,-30,11,1.21,-30|30,895,98.57,30,0,0,30,46,5.07,30,0,0,30,6,0.66,30,646,71.15,30,112,12.33,30,0,0,30,0,0,30,14,1.54,30,88,9.69,30,54,5.95,30,0,0,30,0,0,30,0,0,30,0,0,30,56,6.17,30,1,0.11,30,0,0,30,32,3.52,30,0,0
Study-USJ-BU-001,P06,Female,17,G1,Stimulus,video03 - Trek,257062,70205,,1052,30,0,0,30,0,0,30,0,0,30,0,0,30,31,2.95,30,0,0,30,0,0,30,161,15.3,30,1051,99.9,30,0,0,-30,18,1.71,-30|30,1033,98.19,30,0,0,30,210,19.96,30,0,0,30,0,0,30,495,47.05,30,49,4.66,30,0,0,30,0,0,30,19,1.81,30,55,5.23,30,0,0,30,0,0,30,0,0,30,0,0,30,0,0,30,71,6.75,30,0,0,30,0,0,30,27,2.57,30,35,3.33
Study-USJ-BU-001,P06,Female,17,G1,Stimulus,video04 - Specialized,327480,60165,,901,30,0,0,30,0,0,30,0,0,30,0,0,30,18,2,30,0,0,30,0,0,30,51,5.66,30,901,100,30,0,0,-30,14,1.55,-30|30,887,98.45,30,0,0,30,75,8.32,30,2,0.22,30,0,0,30,349,38.73,30,54,5.99,30,0,0,30,0,0,30,3,0.33,30,23,2.55,30,47,5.22,30,12,1.33,30,0,0,30,0,0,30,0,0,30,31,3.44,30,0,0,30,0,0,30,0,0,30,0,0
Study-USJ-BU-001,P06,Female,17,G1,Stimulus,Survey-FavoriteVideoAd,387703,12057,,181,30,0,0,30,0,0,30,0,0,30,0,0,30,9,4.97,30,0,0,30,0,0,30,8,4.42,30,181,100,30,0,0,-30,0,0,-30|30,181,100,30,0,0,30,34,18.78,30,0,0,30,0,0,30,143,79.01,30,10,5.52,30,0,0,30,0,0,30,0,0,30,0,0,30,0,0,30,0,0,30,0,0,30,0,0,30,0,0,30,10,5.52,30,0,0,30,0,0,30,0,0,30,0,0
Study-USJ-BU-001,P05,Female,17,G1,Stimulus,Survey-Starting-Agreement,232,6558,,98,30,0,0,30,0,0,30,0,0,30,0,0,30,0,0,30,0,0,30,0,0,30,0,0,30,98,100,30,0,0,-30,0,0,-30|30,98,100,30,0,0,30,0,0,30,0,0,30,0,0,30,0,0,30,5,5.1,30,0,0,30,0,0,30,0,0,30,0,0,30,0,0,30,0,0,30,0,0,30,0,0,30,0,0,30,0,0,30,0,0,30,0,0,30,0,0,30,14,14.29
Study-USJ-BU-001,P05,Female,17,G1,Stimulus,Instructions-Part-1,6902,4508,,68,30,0,0,30,0,0,30,0,0,30,0,0,30,0,0,30,0,0,30,0,0,30,0,0,30,68,100,30,0,0,-30,0,0,-30|30,68,100,30,0,0,30,0,0,30,0,0,30,0,0,30,21,30.88,30,17,25,30,0,0,30,0,0,30,0,0,30,0,0,30,0,0,30,0,0,30,0,0,30,0,0,30,0,0,30,0,0,30,0,0,30,0,0,30,0,0,30,0,0
Study-USJ-BU-001,P05,Female,17,G1,Stimulus,logo01,11466,5992,,90,30,0,0,30,0,0,30,0,0,30,0,0,30,0,0,30,0,0,30,0,0,30,0,0,30,90,100,30,0,0,-30,0,0,-30|30,90,100,30,0,0,30,0,0,30,0,0,30,0,0,30,13,14.44,30,3,3.33,30,0,0,30,0,0,30,0,0,30,0,0,30,0,0,30,0,0,30,0,0,30,0,0,30,0,0,30,0,0,30,0,0,30,0,0,30,0,0,30,0,0
Study-USJ-BU-001,P05,Female,17,G1,Stimulus,logo02_name-white,17508,5993,,89,30,0,0,30,0,0,30,0,0,30,0,0,30,0,0,30,0,0,30,0,0,30,0,0,30,89,100,30,0,0,-30,0,0,-30|30,89,100,30,0,0,30,0,0,30,0,0,30,0,0,30,9,10.11,30,6,6.74,30,0,0,30,0,0,30,0,0,30,0,0,30,0,0,30,0,0,30,0,0,30,0,0,30,0,0,30,0,0,30,0,0,30,0,0,30,0,0,30,0,0
Study-USJ-BU-001,P05,Female,17,G1,Stimulus,logo03_name-white,23550,6003,,90,30,0,0,30,0,0,30,0,0,30,0,0,30,0,0,30,0,0,30,0,0,30,0,0,30,90,100,30,0,0,-30,0,0,-30|30,90,100,30,0,0,30,0,0,30,0,0,30,0,0,30,0,0,30,17,18.89,30,0,0,30,0,0,30,0,0,30,0,0,30,0,0,30,2,2.22,30,0,0,30,14,15.56,30,0,0,30,0,0,30,0,0,30,0,0,30,0,0,30,0,0
Study-USJ-BU-001,P05,Female,17,G1,Stimulus,logo04_name-white,29798,5987,,89,30,0,0,30,0,0,30,0,0,30,0,0,30,0,0,30,0,0,30,0,0,30,0,0,30,89,100,30,0,0,-30,0,0,-30|30,89,100,30,0,0,30,0,0,30,0,0,30,0,0,30,0,0,30,12,13.48,30,0,0,30,0,0,30,0,0,30,0,0,30,0,0,30,0,0,30,0,0,30,0,0,30,0,0,30,0,0,30,0,0,30,0,0,30,0,0,30,0,0
Study-USJ-BU-001,P05,Female,17,G1,Stimulus,Survey-FavoriteBrand,36027,28240,,423,30,0,0,30,0,0,30,0,0,30,18,4.26,30,0,0,30,0,0,30,0,0,30,35,8.27,30,422,99.76,30,21,4.96,-30,0,0,-30|30,401,94.8,30,0,0,30,11,2.6,30,0,0,30,22,5.2,30,0,0,30,10,2.36,30,0,0,30,0,0,30,0,0,30,0,0,30,65,15.37,30,0,0,30,0,0,30,0,0,30,0,0,30,0,0,30,0,0,30,0,0,30,0,0,30,17,4.02
Study-USJ-BU-001,P05,Female,17,G1,Stimulus,Survey-BrandAwareness,64353,15573,,234,30,0,0,30,0,0,30,0,0,30,23,9.83,30,18,7.69,30,0,0,30,0,0,30,111,47.44,30,234,100,30,35,14.96,-30,0,0,-30|30,199,85.04,30,0,0,30,26,11.11,30,0,0,30,54,23.08,30,58,24.79,30,4,1.71,30,0,0,30,0,0,30,0,0,30,0,0,30,120,51.28,30,0,0,30,0,0,30,0,0,30,0,0,30,0,0,30,6,2.56,30,0,0,30,0,0,30,85,36.32
Study-USJ-BU-001,P05,Female,17,G1,Stimulus,Instructions-Part-2,79995,12544,,188,30,0,0,30,0,0,30,0,0,30,0,0,30,0,0,30,0,0,30,0,0,30,0,0,30,188,100,30,0,0,-30,0,0,-30|30,188,100,30,0,0,30,0,0,30,0,0,30,0,0,30,111,59.04,30,10,5.32,30,0,0,30,0,0,30,0,0,30,0,0,30,24,12.77,30,0,0,30,0,0,30,0,0,30,0,0,30,0,0,30,1,0.53,30,0,0,30,0,0,30,0,0
Study-USJ-BU-001,P05,Female,17,G1,Stimulus,logo-product01,92587,5997,,90,30,0,0,30,0,0,30,0,0,30,0,0,30,0,0,30,0,0,30,0,0,30,0,0,30,89,98.89,30,0,0,-30,0,0,-30|30,89,98.89,30,0,0,30,0,0,30,0,0,30,0,0,30,0,0,30,3,3.33,30,0,0,30,0,0,30,0,0,30,0,0,30,0,0,30,0,0,30,0,0,30,0,0,30,0,0,30,0,0,30,0,0,30,0,0,30,0,0,30,0,0
Study-USJ-BU-001,P05,Female,17,G1,Stimulus,logo-product02,98627,6002,,90,30,0,0,30,0,0,30,0,0,30,0,0,30,0,0,30,0,0,30,0,0,30,0,0,30,90,100,30,0,0,-30,0,0,-30|30,90,100,30,0,0,30,0,0,30,0,0,30,0,0,30,0,0,30,1,1.11,30,0,0,30,0,0,30,0,0,30,0,0,30,0,0,30,0,0,30,0,0,30,0,0,30,0,0,30,0,0,30,0,0,30,0,0,30,0,0,30,0,0
Study-USJ-BU-001,P05,Female,17,G1,Stimulus,logo-product03,104676,5997,,90,30,0,0,30,0,0,30,0,0,30,0,0,30,0,0,30,0,0,30,0,0,30,0,0,30,90,100,30,0,0,-30,0,0,-30|30,90,100,30,0,0,30,0,0,30,0,0,30,0,0,30,0,0,30,6,6.67,30,0,0,30,0,0,30,0,0,30,0,0,30,0,0,30,0,0,30,0,0,30,0,0,30,0,0,30,0,0,30,0,0,30,0,0,30,0,0,30,0,0
Study-USJ-BU-001,P05,Female,17,G1,Stimulus,logo-product04,110891,5988,,90,30,0,0,30,0,0,30,0,0,30,0,0,30,0,0,30,0,0,30,0,0,30,0,0,30,90,100,30,0,0,-30,0,0,-30|30,90,100,30,0,0,30,0,0,30,0,0,30,0,0,30,0,0,30,5,5.56,30,0,0,30,0,0,30,0,0,30,0,0,30,0,0,30,0,0,30,0,0,30,0,0,30,0,0,30,0,0,30,0,0,30,0,0,30,0,0,30,0,0
Study-USJ-BU-001,P05,Female,17,G1,Stimulus,Survey-FavoriteProduct,117001,4785,,72,30,0,0,30,0,0,30,0,0,30,0,0,30,0,0,30,0,0,30,0,0,30,0,0,30,71,98.61,30,0,0,-30,0,0,-30|30,71,98.61,30,0,0,30,0,0,30,0,0,30,0,0,30,18,25,30,0,0,30,0,0,30,0,0,30,0,0,30,0,0,30,0,0,30,0,0,30,0,0,30,0,0,30,0,0,30,0,0,30,0,0,30,0,0,30,0,0,30,0,0
Study-USJ-BU-001,P05,Female,17,G1,Stimulus,Instructions-Part-3,121878,7590,,114,30,0,0,30,0,0,30,0,0,30,0,0,30,0,0,30,0,0,30,0,0,30,0,0,30,113,99.12,30,0,0,-30,0,0,-30|30,113,99.12,30,0,0,30,0,0,30,0,0,30,0,0,30,36,31.58,30,5,4.39,30,0,0,30,0,0,30,0,0,30,0,0,30,0,0,30,0,0,30,0,0,30,0,0,30,0,0,30,0,0,30,0,0,30,0,0,30,0,0,30,0,0
Study-USJ-BU-001,P05,Female,17,G1,Stimulus,video01 - LOOK,129529,64715,,969,30,0,0,30,0,0,30,0,0,30,0,0,30,0,0,30,0,0,30,0,0,30,2,0.21,30,934,96.39,30,0,0,-30,1,0.1,-30|30,933,96.28,30,0,0,30,4,0.41,30,0,0,30,0,0,30,27,2.79,30,32,3.3,30,0,0,30,0,0,30,0,0,30,1,0.1,30,0,0,30,1,0.1,30,0,0,30,0,0,30,0,0,30,1,0.1,30,0,0,30,0,0,30,0,0,30,0,0
Study-USJ-BU-001,P05,Female,17,G1,Stimulus,video02 - Pinarello,194320,60583,,908,30,0,0,30,0,0,30,0,0,30,0,0,30,0,0,30,0,0,30,0,0,30,0,0,30,907,99.89,30,0,0,-30,0,0,-30|30,907,99.89,30,0,0,30,0,0,30,0,0,30,0,0,30,31,3.41,30,27,2.97,30,0,0,30,0,0,30,0,0,30,0,0,30,0,0,30,0,0,30,0,0,30,0,0,30,0,0,30,0,0,30,0,0,30,0,0,30,0,0,30,0,0
Study-USJ-BU-001,P05,Female,17,G1,Stimulus,video03 - Trek,254987,69972,,1048,30,0,0,30,0,0,30,0,0,30,0,0,30,0,0,30,0,0,30,0,0,30,0,0,30,1047,99.9,30,0,0,-30,0,0,-30|30,1047,99.9,30,0,0,30,35,3.34,30,0,0,30,0,0,30,5,0.48,30,70,6.68,30,0,0,30,0,0,30,0,0,30,0,0,30,0,0,30,0,0,30,0,0,30,0,0,30,0,0,30,0,0,30,0,0,30,0,0,30,0,0,30,0,0
Study-USJ-BU-001,P05,Female,17,G1,Stimulus,video04 - Specialized,325170,60156,,902,30,0,0,30,0,0,30,0,0,30,0,0,30,0,0,30,0,0,30,0,0,30,0,0,30,901,99.89,30,0,0,-30,0,0,-30|30,901,99.89,30,0,0,30,0,0,30,0,0,30,0,0,30,25,2.77,30,51,5.65,30,0,0,30,0,0,30,0,0,30,5,0.55,30,0,0,30,0,0,30,0,0,30,0,0,30,0,0,30,8,0.89,30,0,0,30,0,0,30,0,0,30,0,0
Study-USJ-BU-001,P05,Female,17,G1,Stimulus,Survey-FavoriteVideoAd,385396,6387,,95,30,0,0,30,0,0,30,0,0,30,0,0,30,0,0,30,0,0,30,0,0,30,0,0,30,95,100,30,0,0,-30,0,0,-30|30,95,100,30,0,0,30,0,0,30,0,0,30,0,0,30,0,0,30,1,1.05,30,0,0,30,0,0,30,0,0,30,0,0,30,0,0,30,0,0,30,0,0,30,0,0,30,0,0,30,0,0,30,0,0,30,0,0,30,0,0,30,0,0
Study-USJ-BU-001,P04,Female,17,G1,Stimulus,Survey-Starting-Agreement,171,3215,,48,30,0,0,30,0,0,30,0,0,30,0,0,30,0,0,30,0,0,30,0,0,30,7,14.58,30,46,95.83,30,0,0,-30,0,0,-30|30,46,95.83,30,0,0,30,16,33.33,30,0,0,30,0,0,30,0,0,30,0,0,30,0,0,30,0,0,30,0,0,30,0,0,30,0,0,30,0,0,30,0,0,30,0,0,30,0,0,30,0,0,30,0,0,30,0,0,30,0,0,30,0,0
Study-USJ-BU-001,P04,Female,17,G1,Stimulus,Instructions-Part-1,3508,9322,,140,30,0,0,30,0,0,30,0,0,30,0,0,30,0,0,30,0,0,30,0,0,30,14,10,30,140,100,30,0,0,-30,0,0,-30|30,140,100,30,0,0,30,23,16.43,30,0,0,30,0,0,30,0,0,30,1,0.71,30,0,0,30,0,0,30,0,0,30,0,0,30,0,0,30,0,0,30,0,0,30,0,0,30,0,0,30,0,0,30,17,12.14,30,0,0,30,0,0,30,0,0
Study-USJ-BU-001,P04,Female,17,G1,Stimulus,logo01,12891,5992,,89,30,0,0,30,0,0,30,0,0,30,0,0,30,0,0,30,0,0,30,0,0,30,7,7.87,30,89,100,30,0,0,-30,2,2.25,-30|30,87,97.75,30,0,0,30,5,5.62,30,0,0,30,0,0,30,0,0,30,2,2.25,30,0,0,30,0,0,30,2,2.25,30,9,10.11,30,0,0,30,0,0,30,0,0,30,0,0,30,0,0,30,10,11.24,30,8,8.99,30,0,0,30,1,1.12,30,0,0
Study-USJ-BU-001,P04,Female,17,G1,Stimulus,logo02_name-white,18936,5994,,90,30,0,0,30,0,0,30,0,0,30,0,0,30,0,0,30,0,0,30,0,0,30,0,0,30,90,100,30,0,0,-30,0,0,-30|30,90,100,30,0,0,30,24,26.67,30,0,0,30,0,0,30,0,0,30,3,3.33,30,0,0,30,0,0,30,0,0,30,0,0,30,0,0,30,0,0,30,0,0,30,0,0,30,0,0,30,0,0,30,11,12.22,30,0,0,30,0,0,30,0,0
Study-USJ-BU-001,P04,Female,17,G1,Stimulus,logo03_name-white,24990,5988,,128,30,0,0,30,0,0,30,0,0,30,0,0,30,0,0,30,0,0,30,0,0,30,0,0,30,101,78.91,30,0,0,-30,0,0,-30|30,101,78.91,30,0,0,30,9,7.03,30,0,0,30,0,0,30,2,1.56,30,2,1.56,30,0,0,30,0,0,30,0,0,30,0,0,30,0,0,30,0,0,30,0,0,30,0,0,30,0,0,30,0,0,30,37,28.91,30,0,0,30,0,0,30,0,0
Study-USJ-BU-001,P04,Female,17,G1,Stimulus,logo04_name-white,31218,5994,,172,30,0,0,30,0,0,30,0,0,30,0,0,30,0,0,30,0,0,30,0,0,30,0,0,30,124,72.09,30,0,0,-30,0,0,-30|30,124,72.09,30,0,0,30,0,0,30,0,0,30,0,0,30,0,0,30,0,0,30,0,0,30,0,0,30,0,0,30,0,0,30,0,0,30,0,0,30,0,0,30,0,0,30,0,0,30,0,0,30,29,16.86,30,0,0,30,0,0,30,0,0
Study-USJ-BU-001,P04,Female,17,G1,Stimulus,Survey-FavoriteBrand,37420,18877,,325,30,0,0,30,0,0,30,0,0,30,0,0,30,19,5.85,30,0,0,30,0,0,30,42,12.92,30,303,93.23,30,0,0,-30,0,0,-30|30,303,93.23,30,0,0,30,51,15.69,30,0,0,30,0,0,30,3,0.92,30,0,0,30,0,0,30,0,0,30,0,0,30,20,6.15,30,20,6.15,30,0,0,30,0,0,30,0,0,30,0,0,30,24,7.38,30,33,10.15,30,0,0,30,0,0,30,18,5.54
Study-USJ-BU-001,P04,Female,17,G1,Stimulus,Survey-BrandAwareness,56438,10568,,159,30,0,0,30,0,0,30,0,0,30,45,28.3,30,58,36.48,30,0,0,30,0,0,30,115,72.33,30,159,100,30,48,30.19,-30,0,0,-30|30,111,69.81,30,0,0,30,90,56.6,30,0,0,30,48,30.19,30,57,35.85,30,0,0,30,0,0,30,0,0,30,0,0,30,0,0,30,26,16.35,30,0,0,30,0,0,30,0,0,30,24,15.09,30,0,0,30,44,27.67,30,0,0,30,34,21.38,30,0,0
Study-USJ-BU-001,P04,Female,17,G1,Stimulus,Instructions-Part-2,67087,11331,,169,30,0,0,30,0,0,30,0,0,30,0,0,30,13,7.69,30,0,0,30,0,0,30,42,24.85,30,168,99.41,30,0,0,-30,0,0,-30|30,168,99.41,30,0,0,30,49,28.99,30,0,0,30,0,0,30,12,7.1,30,0,0,30,0,0,30,0,0,30,0,0,30,30,17.75,30,0,0,30,0,0,30,0,0,30,0,0,30,0,0,30,33,19.53,30,44,26.04,30,0,0,30,24,14.2,30,0,0
Study-USJ-BU-001,P04,Female,17,G1,Stimulus,logo-product01,78479,5997,,90,30,0,0,30,0,0,30,0,0,30,0,0,30,25,27.78,30,0,0,30,0,0,30,24,26.67,30,90,100,30,0,0,-30,0,0,-30|30,90,100,30,0,0,30,42,46.67,30,0,0,30,0,0,30,79,87.78,30,6,6.67,30,0,0,30,0,0,30,0,0,30,0,0,30,0,0,30,0,0,30,0,0,30,0,0,30,0,0,30,0,0,30,37,41.11,30,0,0,30,0,0,30,0,0
Study-USJ-BU-001,P04,Female,17,G1,Stimulus,logo-product02,84528,5995,,90,30,0,0,30,0,0,30,0,0,30,0,0,30,0,0,30,0,0,30,0,0,30,0,0,30,90,100,30,0,0,-30,0,0,-30|30,90,100,30,0,0,30,4,4.44,30,0,0,30,0,0,30,90,100,30,0,0,30,0,0,30,0,0,30,0,0,30,0,0,30,0,0,30,0,0,30,0,0,30,0,0,30,0,0,30,0,0,30,45,50,30,0,0,30,0,0,30,0,0
Study-USJ-BU-001,P04,Female,17,G1,Stimulus,logo-product03,90582,5988,,89,30,0,0,30,0,0,30,0,0,30,0,0,30,53,59.55,30,0,0,30,0,0,30,53,59.55,30,89,100,30,0,0,-30,0,0,-30|30,89,100,30,0,0,30,58,65.17,30,0,0,30,0,0,30,74,83.15,30,0,0,30,0,0,30,0,0,30,0,0,30,0,0,30,0,0,30,0,0,30,0,0,30,0,0,30,0,0,30,0,0,30,33,37.08,30,0,0,30,0,0,30,0,0
Study-USJ-BU-001,P04,Female,17,G1,Stimulus,logo-product04,96763,5996,,90,30,0,0,30,0,0,30,0,0,30,0,0,30,84,93.33,30,0,0,30,0,0,30,90,100,30,90,100,30,0,0,-30,0,0,-30|30,90,100,30,0,0,30,90,100,30,0,0,30,0,0,30,64,71.11,30,2,2.22,30,0,0,30,0,0,30,0,0,30,0,0,30,0,0,30,0,0,30,0,0,30,0,0,30,0,0,30,0,0,30,39,43.33,30,0,0,30,0,0,30,0,0
Study-USJ-BU-001,P04,Female,17,G1,Stimulus,Survey-FavoriteProduct,102871,5359,,80,30,0,0,30,0,0,30,0,0,30,0,0,30,30,37.5,30,0,0,30,0,0,30,33,41.25,30,79,98.75,30,0,0,-30,0,0,-30|30,79,98.75,30,0,0,30,55,68.75,30,0,0,30,0,0,30,8,10,30,2,2.5,30,0,0,30,0,0,30,0,0,30,0,0,30,0,0,30,0,0,30,0,0,30,0,0,30,0,0,30,0,0,30,56,70,30,0,0,30,0,0,30,0,0
Study-USJ-BU-001,P04,Female,17,G1,Stimulus,Instructions-Part-3,108307,5328,,80,30,0,0,30,0,0,30,0,0,30,0,0,30,6,7.5,30,2,2.5,30,0,0,30,15,18.75,30,80,100,30,0,0,-30,0,0,-30|30,80,100,30,0,0,30,51,63.75,30,0,0,30,0,0,30,0,0,30,3,3.75,30,0,0,30,0,0,30,0,0,30,0,0,30,0,0,30,0,0,30,0,0,30,0,0,30,0,0,30,0,0,30,62,77.5,30,0,0,30,0,0,30,0,0
Study-USJ-BU-001,P04,Female,17,G1,Stimulus,video01 - LOOK,113683,64716,,969,30,0,0,30,0,0,30,0,0,30,55,5.68,30,17,1.75,30,31,3.2,30,12,1.24,30,371,38.29,30,969,100,30,69,7.12,-30,127,13.11,-30|30,773,79.77,30,0,0,30,405,41.8,30,155,16,30,82,8.46,30,49,5.06,30,38,3.92,30,0,0,30,0,0,30,89,9.18,30,78,8.05,30,0,0,30,30,3.1,30,20,2.06,30,0,0,30,0,0,30,163,16.82,30,222,22.91,30,0,0,30,153,15.79,30,0,0
Study-USJ-BU-001,P04,Female,17,G1,Stimulus,video02 - Pinarello,178452,60643,,909,30,0,0,30,0,0,30,0,0,30,0,0,30,1,0.11,30,0,0,30,0,0,30,263,28.93,30,909,100,30,0,0,-30,92,10.12,-30|30,817,89.88,30,0,0,30,437,48.07,30,67,7.37,30,0,0,30,72,7.92,30,45,4.95,30,0,0,30,0,0,30,45,4.95,30,43,4.73,30,0,0,30,23,2.53,30,0,0,30,113,12.43,30,0,0,30,57,6.27,30,55,6.05,30,0,0,30,21,2.31,30,191,21.01
Study-USJ-BU-001,P04,Female,17,G1,Stimulus,video03 - Trek,239187,70117,,1050,30,0,0,30,0,0,30,0,0,30,0,0,30,24,2.29,30,0,0,30,0,0,30,83,7.9,30,1050,100,30,0,0,-30,0,0,-30|30,1050,100,30,0,0,30,218,20.76,30,0,0,30,0,0,30,103,9.81,30,29,2.76,30,0,0,30,0,0,30,0,0,30,15,1.43,30,0,0,30,0,0,30,0,0,30,0,0,30,0,0,30,21,2,30,79,7.52,30,0,0,30,6,0.57,30,1,0.1
Study-USJ-BU-001,P04,Female,17,G1,Stimulus,video04 - Specialized,309573,60184,,902,30,0,0,30,0,0,30,0,0,30,0,0,30,84,9.31,30,0,0,30,0,0,30,173,19.18,30,901,99.89,30,0,0,-30,6,0.67,-30|30,895,99.22,30,0,0,30,182,20.18,30,0,0,30,0,0,30,1,0.11,30,7,0.78,30,0,0,30,0,0,30,8,0.89,30,41,4.55,30,0,0,30,0,0,30,0,0,30,0,0,30,0,0,30,3,0.33,30,25,2.77,30,0,0,30,0,0,30,0,0
Study-USJ-BU-001,P04,Female,17,G1,Stimulus,Survey-FavoriteVideoAd,369816,9309,,139,30,0,0,30,0,0,30,0,0,30,0,0,30,0,0,30,0,0,30,0,0,30,0,0,30,139,100,30,0,0,-30,0,0,-30|30,139,100,30,0,0,30,44,31.65,30,0,0,30,0,0,30,0,0,30,3,2.16,30,0,0,30,0,0,30,0,0,30,0,0,30,0,0,30,0,0,30,0,0,30,3,2.16,30,0,0,30,0,0,30,0,0,30,0,0,30,0,0,30,0,0
Study-USJ-BU-001,P03,Female,16,G1,Stimulus,Survey-Starting-Agreement,373,22456,,336,30,0,0,30,0,0,30,0,0,30,0,0,30,0,0,30,0,0,30,0,0,30,9,2.68,30,335,99.7,30,0,0,-30,9,2.68,-30|30,326,97.02,30,0,0,30,32,9.52,30,0,0,30,2,0.6,30,36,10.71,30,2,0.6,30,0,0,30,0,0,30,13,3.87,30,0,0,30,0,0,30,0,0,30,0,0,30,0,0,30,0,0,30,0,0,30,0,0,30,0,0,30,0,0,30,0,0
Study-USJ-BU-001,P03,Female,16,G1,Stimulus,Instructions-Part-1,22982,7058,,105,30,0,0,30,0,0,30,0,0,30,0,0,30,0,0,30,0,0,30,0,0,30,0,0,30,105,100,30,0,0,-30,0,0,-30|30,105,100,30,0,0,30,0,0,30,0,0,30,0,0,30,1,0.95,30,0,0,30,0,0,30,0,0,30,0,0,30,0,0,30,7,6.67,30,0,0,30,0,0,30,0,0,30,0,0,30,0,0,30,0,0,30,0,0,30,0,0,30,0,0
Study-USJ-BU-001,P03,Female,16,G1,Stimulus,logo01,30081,5999,,90,30,0,0,30,0,0,30,0,0,30,0,0,30,0,0,30,0,0,30,0,0,30,0,0,30,90,100,30,0,0,-30,0,0,-30|30,90,100,30,0,0,30,0,0,30,0,0,30,0,0,30,31,34.44,30,0,0,30,0,0,30,0,0,30,0,0,30,0,0,30,1,1.11,30,0,0,30,0,0,30,0,0,30,0,0,30,0,0,30,0,0,30,0,0,30,0,0,30,0,0
Study-USJ-BU-001,P03,Female,16,G1,Stimulus,logo02_name-white,36113,5996,,90,30,0,0,30,0,0,30,0,0,30,0,0,30,0,0,30,0,0,30,0,0,30,11,12.22,30,90,100,30,25,27.78,-30,0,0,-30|30,65,72.22,30,0,0,30,0,0,30,0,0,30,41,45.56,30,0,0,30,0,0,30,0,0,30,0,0,30,0,0,30,0,0,30,0,0,30,0,0,30,0,0,30,0,0,30,0,0,30,0,0,30,0,0,30,0,0,30,0,0,30,0,0
Study-USJ-BU-001,P03,Female,16,G1,Stimulus,logo03_name-white,42168,5990,,90,30,0,0,30,0,0,30,0,0,30,48,53.33,30,0,0,30,0,0,30,0,0,30,54,60,30,89,98.89,30,62,68.89,-30,0,0,-30|30,27,30,30,0,0,30,0,0,30,0,0,30,79,87.78,30,0,0,30,2,2.22,30,0,0,30,0,0,30,0,0,30,13,14.44,30,0,0,30,0,0,30,0,0,30,0,0,30,35,38.89,30,0,0,30,0,0,30,0,0,30,0,0,30,0,0
Study-USJ-BU-001,P03,Female,16,G1,Stimulus,logo04_name-white,48457,5995,,90,30,0,0,30,0,0,30,0,0,30,90,100,30,0,0,30,0,0,30,0,0,30,90,100,30,90,100,30,90,100,-30,0,0,-30|30,0,0,30,0,0,30,0,0,30,0,0,30,90,100,30,0,0,30,4,4.44,30,0,0,30,0,0,30,0,0,30,5,5.56,30,0,0,30,0,0,30,0,0,30,0,0,30,51,56.67,30,0,0,30,0,0,30,0,0,30,0,0,30,0,0
Study-USJ-BU-001,P03,Female,16,G1,Stimulus,Survey-FavoriteBrand,54706,16871,,252,30,0,0,30,0,0,30,0,0,30,138,54.76,30,14,5.56,30,0,0,30,0,0,30,180,71.43,30,242,96.03,30,151,59.92,-30,17,6.75,-30|30,74,29.37,30,6,2.38,30,19,7.54,30,24,9.52,30,158,62.7,30,3,1.19,30,16,6.35,30,0,0,30,0,0,30,0,0,30,1,0.4,30,4,1.59,30,0,0,30,0,0,30,0,0,30,0,0,30,53,21.03,30,9,3.57,30,0,0,30,0,0,30,39,15.48
Study-USJ-BU-001,P03,Female,16,G1,Stimulus,Survey-BrandAwareness,71697,8097,,122,30,0,0,30,0,0,30,0,0,30,17,13.93,30,0,0,30,0,0,30,0,0,30,20,16.39,30,122,100,30,20,16.39,-30,0,0,-30|30,102,83.61,30,0,0,30,14,11.48,30,0,0,30,20,16.39,30,21,17.21,30,3,2.46,30,0,0,30,0,0,30,0,0,30,0,0,30,3,2.46,30,0,0,30,0,0,30,0,0,30,0,0,30,0,0,30,0,0,30,0,0,30,0,0,30,1,0.82
Study-USJ-BU-001,P03,Female,16,G1,Stimulus,Instructions-Part-2,79904,10743,,161,30,0,0,30,0,0,30,0,0,30,0,0,30,0,0,30,0,0,30,0,0,30,18,11.18,30,161,100,30,15,9.32,-30,0,0,-30|30,146,90.68,30,0,0,30,0,0,30,0,0,30,39,24.22,30,71,44.1,30,1,0.62,30,0,0,30,0,0,30,0,0,30,0,0,30,0,0,30,0,0,30,0,0,30,0,0,30,0,0,30,0,0,30,0,0,30,0,0,30,0,0,30,0,0
Study-USJ-BU-001,P03,Female,16,G1,Stimulus,logo-product01,90695,5990,,90,30,0,0,30,0,0,30,0,0,30,0,0,30,0,0,30,0,0,30,0,0,30,0,0,30,90,100,30,0,0,-30,0,0,-30|30,90,100,30,0,0,30,20,22.22,30,0,0,30,0,0,30,0,0,30,0,0,30,0,0,30,0,0,30,0,0,30,0,0,30,0,0,30,0,0,30,0,0,30,0,0,30,0,0,30,0,0,30,1,1.11,30,0,0,30,0,0,30,0,0
Study-USJ-BU-001,P03,Female,16,G1,Stimulus,logo-product02,96723,5995,,90,30,0,0,30,0,0,30,0,0,30,33,36.67,30,0,0,30,0,0,30,0,0,30,45,50,30,90,100,30,37,41.11,-30,0,0,-30|30,53,58.89,30,0,0,30,0,0,30,0,0,30,38,42.22,30,0,0,30,0,0,30,0,0,30,0,0,30,0,0,30,0,0,30,0,0,30,0,0,30,0,0,30,0,0,30,0,0,30,0,0,30,0,0,30,0,0,30,0,0,30,0,0
Study-USJ-BU-001,P03,Female,16,G1,Stimulus,logo-product03,102765,5998,,89,30,0,0,30,0,0,30,0,0,30,29,32.58,30,0,0,30,0,0,30,0,0,30,47,52.81,30,89,100,30,50,56.18,-30,0,0,-30|30,39,43.82,30,0,0,30,0,0,30,0,0,30,51,57.3,30,0,0,30,0,0,30,0,0,30,0,0,30,0,0,30,0,0,30,0,0,30,0,0,30,0,0,30,0,0,30,0,0,30,0,0,30,0,0,30,0,0,30,0,0,30,0,0
Study-USJ-BU-001,P03,Female,16,G1,Stimulus,logo-product04,109008,5996,,90,30,0,0,30,0,0,30,0,0,30,0,0,30,0,0,30,0,0,30,0,0,30,7,7.78,30,90,100,30,16,17.78,-30,0,0,-30|30,74,82.22,30,0,0,30,0,0,30,0,0,30,30,33.33,30,5,5.56,30,5,5.56,30,0,0,30,0,0,30,0,0,30,0,0,30,0,0,30,0,0,30,0,0,30,0,0,30,0,0,30,0,0,30,0,0,30,0,0,30,0,0,30,0,0
Study-USJ-BU-001,P03,Female,16,G1,Stimulus,Survey-FavoriteProduct,115130,5209,,78,30,0,0,30,0,0,30,0,0,30,7,8.97,30,0,0,30,0,0,30,0,0,30,25,32.05,30,78,100,30,28,35.9,-30,0,0,-30|30,50,64.1,30,0,0,30,0,0,30,0,0,30,49,62.82,30,12,15.38,30,0,0,30,0,0,30,0,0,30,0,0,30,0,0,30,0,0,30,0,0,30,0,0,30,0,0,30,0,0,30,0,0,30,33,42.31,30,0,0,30,0,0,30,4,5.13
Study-USJ-BU-001,P03,Female,16,G1,Stimulus,Instructions-Part-3,120468,8769,,131,30,0,0,30,0,0,30,0,0,30,0,0,30,0,0,30,0,0,30,0,0,30,0,0,30,131,100,30,0,0,-30,0,0,-30|30,131,100,30,0,0,30,0,0,30,0,0,30,0,0,30,18,13.74,30,1,0.76,30,0,0,30,0,0,30,0,0,30,0,0,30,0,0,30,0,0,30,0,0,30,0,0,30,0,0,30,0,0,30,0,0,30,0,0,30,0,0,30,0,0
Study-USJ-BU-001,P03,Female,16,G1,Stimulus,video01 - LOOK,129306,64726,,970,30,0,0,30,0,0,30,0,0,30,473,48.76,30,0,0,30,8,0.82,30,0,0,30,556,57.32,30,969,99.9,30,558,57.53,-30,0,0,-30|30,411,42.37,30,0,0,30,1,0.1,30,0,0,30,584,60.21,30,281,28.97,30,51,5.26,30,0,0,30,0,0,30,11,1.13,30,81,8.35,30,0,0,30,0,0,30,0,0,30,0,0,30,186,19.18,30,0,0,30,20,2.06,30,0,0,30,6,0.62,30,0,0
Study-USJ-BU-001,P03,Female,16,G1,Stimulus,video02 - Pinarello,194084,60415,,905,30,0,0,30,0,0,30,0,0,30,0,0,30,0,0,30,0,0,30,0,0,30,0,0,30,904,99.89,30,0,0,-30,0,0,-30|30,904,99.89,30,0,0,30,11,1.22,30,8,0.88,30,0,0,30,114,12.6,30,37,4.09,30,0,0,30,0,0,30,0,0,30,0,0,30,22,2.43,30,0,0,30,0,0,30,0,0,30,0,0,30,0,0,30,0,0,30,0,0,30,0,0,30,0,0
Study-USJ-BU-001,P03,Female,16,G1,Stimulus,video03 - Trek,254551,70000,,1049,30,0,0,30,0,0,30,0,0,30,0,0,30,0,0,30,0,0,30,0,0,30,0,0,30,1049,100,30,0,0,-30,0,0,-30|30,1049,100,30,0,0,30,12,1.14,30,0,0,30,0,0,30,0,0,30,20,1.91,30,0,0,30,0,0,30,0,0,30,0,0,30,0,0,30,0,0,30,0,0,30,0,0,30,0,0,30,0,0,30,0,0,30,0,0,30,0,0,30,0,0
Study-USJ-BU-001,P03,Female,16,G1,Stimulus,video04 - Specialized,324818,60178,,902,30,0,0,30,0,0,30,0,0,30,0,0,30,0,0,30,8,0.89,30,0,0,30,26,2.88,30,901,99.89,30,0,0,-30,25,2.77,-30|30,876,97.12,30,0,0,30,8,0.89,30,0,0,30,0,0,30,24,2.66,30,23,2.55,30,0,0,30,0,0,30,47,5.21,30,40,4.43,30,0,0,30,0,0,30,0,0,30,0,0,30,0,0,30,42,4.66,30,11,1.22,30,0,0,30,0,0,30,0,0
Study-USJ-BU-001,P03,Female,16,G1,Stimulus,Survey-FavoriteVideoAd,385055,6933,,104,30,0,0,30,0,0,30,0,0,30,0,0,30,0,0,30,0,0,30,0,0,30,0,0,30,104,100,30,0,0,-30,0,0,-30|30,104,100,30,0,0,30,13,12.5,30,0,0,30,0,0,30,4,3.85,30,1,0.96,30,0,0,30,0,0,30,0,0,30,0,0,30,0,0,30,0,0,30,0,0,30,0,0,30,0,0,30,0,0,30,0,0,30,0,0,30,0,0,30,0,0
Study-USJ-BU-001,P02,Female,22,G1,Stimulus,Survey-Starting-Agreement,70,23390,,700,30,0,0,30,0,0,30,0,0,30,0,0,30,0,0,30,0,0,30,0,0,30,0,0,30,389,55.57,30,0,0,-30,29,4.14,-30|30,360,51.43,30,0,0,30,0,0,30,40,5.71,30,0,0,30,0,0,30,10,1.43,30,0,0,30,0,0,30,0,0,30,0,0,30,0,0,30,0,0,30,0,0,30,0,0,30,0,0,30,0,0,30,3,0.43,30,0,0,30,0,0,30,0,0
Study-USJ-BU-001,P02,Female,22,G1,Stimulus,Instructions-Part-1,23482,7029,,210,30,0,0,30,0,0,30,0,0,30,0,0,30,0,0,30,0,0,30,0,0,30,0,0,30,113,53.81,30,0,0,-30,0,0,-30|30,113,53.81,30,0,0,30,0,0,30,0,0,30,0,0,30,0,0,30,2,0.95,30,0,0,30,0,0,30,0,0,30,0,0,30,0,0,30,0,0,30,0,0,30,0,0,30,0,0,30,0,0,30,0,0,30,0,0,30,0,0,30,0,0
Study-USJ-BU-001,P02,Female,22,G1,Stimulus,logo01,30524,5988,,179,30,0,0,30,0,0,30,0,0,30,0,0,30,0,0,30,0,0,30,0,0,30,0,0,30,97,54.19,30,0,0,-30,0,0,-30|30,97,54.19,30,0,0,30,0,0,30,0,0,30,0,0,30,0,0,30,4,2.23,30,0,0,30,0,0,30,0,0,30,0,0,30,0,0,30,0,0,30,0,0,30,0,0,30,0,0,30,0,0,30,0,0,30,0,0,30,0,0,30,0,0
Study-USJ-BU-001,P02,Female,22,G1,Stimulus,logo02_name-white,36530,5997,,179,30,0,0,30,0,0,30,0,0,30,0,0,30,0,0,30,0,0,30,0,0,30,0,0,30,96,53.63,30,0,0,-30,0,0,-30|30,96,53.63,30,0,0,30,0,0,30,0,0,30,0,0,30,0,0,30,3,1.68,30,0,0,30,0,0,30,0,0,30,0,0,30,0,0,30,0,0,30,0,0,30,0,0,30,0,0,30,0,0,30,0,0,30,0,0,30,0,0,30,0,0
Study-USJ-BU-001,P02,Female,22,G1,Stimulus,logo03_name-white,42544,6000,,180,30,0,0,30,0,0,30,0,0,30,0,0,30,0,0,30,0,0,30,0,0,30,0,0,30,97,53.89,30,0,0,-30,0,0,-30|30,97,53.89,30,0,0,30,0,0,30,0,0,30,0,0,30,0,0,30,5,2.78,30,0,0,30,0,0,30,0,0,30,0,0,30,0,0,30,0,0,30,0,0,30,0,0,30,0,0,30,0,0,30,0,0,30,0,0,30,0,0,30,0,0
Study-USJ-BU-001,P02,Female,22,G1,Stimulus,logo04_name-white,48614,5993,,179,30,0,0,30,0,0,30,0,0,30,0,0,30,0,0,30,0,0,30,0,0,30,0,0,30,97,54.19,30,0,0,-30,0,0,-30|30,97,54.19,30,0,0,30,0,0,30,0,0,30,0,0,30,0,0,30,3,1.68,30,0,0,30,0,0,30,0,0,30,0,0,30,0,0,30,0,0,30,0,0,30,0,0,30,0,0,30,0,0,30,0,0,30,0,0,30,0,0,30,0,0
Study-USJ-BU-001,P02,Female,22,G1,Stimulus,Survey-FavoriteBrand,54671,11376,,340,30,0,0,30,0,0,30,0,0,30,0,0,30,12,3.53,30,0,0,30,0,0,30,13,3.82,30,199,58.53,30,0,0,-30,0,0,-30|30,199,58.53,30,0,0,30,15,4.41,30,0,0,30,0,0,30,0,0,30,28,8.24,30,0,0,30,0,0,30,0,0,30,0,0,30,12,3.53,30,0,0,30,0,0,30,0,0,30,0,0,30,0,0,30,18,5.29,30,0,0,30,0,0,30,0,0
Study-USJ-BU-001,P02,Female,22,G1,Stimulus,Survey-BrandAwareness,66080,7568,,226,30,0,0,30,0,0,30,0,0,30,0,0,30,3,1.33,30,0,0,30,0,0,30,5,2.21,30,122,53.98,30,0,0,-30,0,0,-30|30,122,53.98,30,0,0,30,6,2.65,30,0,0,30,0,0,30,0,0,30,8,3.54,30,0,0,30,0,0,30,0,0,30,0,0,30,6,2.65,30,0,0,30,0,0,30,0,0,30,0,0,30,0,0,30,19,8.41,30,0,0,30,0,0,30,0,0
Study-USJ-BU-001,P02,Female,22,G1,Stimulus,Instructions-Part-2,73665,15986,,479,30,0,0,30,0,0,30,0,0,30,0,0,30,0,0,30,0,0,30,0,0,30,0,0,30,271,56.58,30,0,0,-30,0,0,-30|30,271,56.58,30,0,0,30,0,0,30,0,0,30,0,0,30,0,0,30,16,3.34,30,0,0,30,0,0,30,0,0,30,0,0,30,0,0,30,0,0,30,0,0,30,0,0,30,0,0,30,0,0,30,0,0,30,0,0,30,0,0,30,0,0
Study-USJ-BU-001,P02,Female,22,G1,Stimulus,logo-product01,89666,5995,,179,30,0,0,30,0,0,30,0,0,30,0,0,30,0,0,30,0,0,30,0,0,30,0,0,30,96,53.63,30,0,0,-30,0,0,-30|30,96,53.63,30,0,0,30,0,0,30,0,0,30,0,0,30,0,0,30,1,0.56,30,0,0,30,0,0,30,0,0,30,0,0,30,0,0,30,0,0,30,0,0,30,0,0,30,0,0,30,0,0,30,0,0,30,0,0,30,0,0,30,0,0
Study-USJ-BU-001,P02,Female,22,G1,Stimulus,logo-product02,95673,6002,,179,30,0,0,30,0,0,30,0,0,30,0,0,30,0,0,30,0,0,30,0,0,30,0,0,30,99,55.31,30,0,0,-30,0,0,-30|30,99,55.31,30,0,0,30,0,0,30,0,0,30,0,0,30,0,0,30,5,2.79,30,0,0,30,0,0,30,0,0,30,0,0,30,0,0,30,0,0,30,0,0,30,0,0,30,0,0,30,0,0,30,0,0,30,0,0,30,0,0,30,0,0
Study-USJ-BU-001,P02,Female,22,G1,Stimulus,logo-product03,101688,5995,,179,30,0,0,30,0,0,30,0,0,30,0,0,30,0,0,30,0,0,30,0,0,30,0,0,30,97,54.19,30,0,0,-30,0,0,-30|30,97,54.19,30,0,0,30,0,0,30,0,0,30,0,0,30,0,0,30,4,2.23,30,0,0,30,0,0,30,0,0,30,0,0,30,0,0,30,0,0,30,0,0,30,0,0,30,0,0,30,0,0,30,0,0,30,0,0,30,0,0,30,0,0
Study-USJ-BU-001,P02,Female,22,G1,Stimulus,logo-product04,107748,6004,,180,30,0,0,30,0,0,30,0,0,30,0,0,30,0,0,30,0,0,30,0,0,30,0,0,30,99,55,30,0,0,-30,0,0,-30|30,99,55,30,0,0,30,0,0,30,0,0,30,0,0,30,0,0,30,4,2.22,30,0,0,30,0,0,30,0,0,30,0,0,30,0,0,30,0,0,30,0,0,30,0,0,30,0,0,30,0,0,30,0,0,30,0,0,30,0,0,30,0,0
Study-USJ-BU-001,P02,Female,22,G1,Stimulus,Survey-FavoriteProduct,113781,10643,,318,30,0,0,30,0,0,30,0,0,30,0,0,30,0,0,30,0,0,30,0,0,30,0,0,30,178,55.97,30,0,0,-30,0,0,-30|30,178,55.97,30,0,0,30,0,0,30,0,0,30,0,0,30,0,0,30,11,3.46,30,0,0,30,0,0,30,0,0,30,0,0,30,0,0,30,0,0,30,0,0,30,0,0,30,0,0,30,0,0,30,0,0,30,0,0,30,0,0,30,0,0
Study-USJ-BU-001,P02,Female,22,G1,Stimulus,Instructions-Part-3,124451,7004,,209,30,0,0,30,0,0,30,0,0,30,0,0,30,0,0,30,0,0,30,0,0,30,0,0,30,112,53.59,30,0,0,-30,0,0,-30|30,112,53.59,30,0,0,30,0,0,30,0,0,30,0,0,30,0,0,30,15,7.18,30,0,0,30,0,0,30,0,0,30,0,0,30,0,0,30,0,0,30,0,0,30,0,0,30,0,0,30,0,0,30,0,0,30,0,0,30,0,0,30,0,0
Study-USJ-BU-001,P02,Female,22,G1,Stimulus,video01 - LOOK,131482,64302,,1924,30,0,0,30,0,0,30,0,0,30,0,0,30,0,0,30,0,0,30,0,0,30,0,0,30,1137,59.1,30,0,0,-30,0,0,-30|30,1137,59.1,30,0,0,30,0,0,30,0,0,30,0,0,30,0,0,30,40,2.08,30,0,0,30,0,0,30,0,0,30,0,0,30,0,0,30,0,0,30,0,0,30,0,0,30,0,0,30,0,0,30,0,0,30,0,0,30,0,0,30,0,0
Study-USJ-BU-001,P02,Female,22,G1,Stimulus,video02 - Pinarello,195806,60306,,1804,30,0,0,30,0,0,30,0,0,30,0,0,30,0,0,30,0,0,30,0,0,30,0,0,30,1105,61.25,30,0,0,-30,0,0,-30|30,1105,61.25,30,0,0,30,0,0,30,0,0,30,0,0,30,38,2.11,30,33,1.83,30,0,0,30,0,0,30,0,0,30,0,0,30,0,0,30,0,0,30,0,0,30,0,0,30,0,0,30,0,0,30,0,0,30,0,0,30,0,0,30,3,0.17
Study-USJ-BU-001,P02,Female,22,G1,Stimulus,video03 - Trek,256150,69832,,2089,30,0,0,30,0,0,30,0,0,30,0,0,30,0,0,30,0,0,30,14,0.67,30,18,0.86,30,1288,61.66,30,0,0,-30,5,0.24,-30|30,1283,61.42,30,0,0,30,2,0.1,30,0,0,30,0,0,30,16,0.77,30,52,2.49,30,0,0,30,0,0,30,3,0.14,30,20,0.96,30,0,0,30,0,0,30,16,0.77,30,0,0,30,0,0,30,25,1.2,30,0,0,30,0,0,30,21,1.01,30,0,0
Study-USJ-BU-001,P02,Female,22,G1,Stimulus,video04 - Specialized,326044,60124,,1799,30,0,0,30,0,0,30,0,0,30,0,0,30,0,0,30,0,0,30,0,0,30,0,0,30,1089,60.53,30,0,0,-30,0,0,-30|30,1089,60.53,30,0,0,30,0,0,30,0,0,30,0,0,30,0,0,30,34,1.89,30,0,0,30,0,0,30,0,0,30,0,0,30,0,0,30,0,0,30,0,0,30,0,0,30,0,0,30,0,0,30,0,0,30,0,0,30,0,0,30,0,0
Study-USJ-BU-001,P02,Female,22,G1,Stimulus,Survey-FavoriteVideoAd,386176,18511,,553,30,0,0,30,0,0,30,0,0,30,0,0,30,0,0,30,0,0,30,0,0,30,11,1.99,30,303,54.79,30,0,0,-30,12,2.17,-30|30,291,52.62,30,0,0,30,0,0,30,11,1.99,30,0,0,30,5,0.9,30,12,2.17,30,0,0,30,0,0,30,0,0,30,0,0,30,0,0,30,16,2.89,30,0,0,30,0,0,30,0,0,30,23,4.16,30,2,0.36,30,0,0,30,0,0,30,0,0
Study-USJ-BU-001,P01,Male,32,G1,Stimulus,Survey-Starting-Agreement,117,7982,,239,30,0,0,30,0,0,30,24,10.04,30,70,29.29,30,0,0,30,0,0,30,0,0,30,71,29.71,30,130,54.39,30,67,28.03,-30,11,4.6,-30|30,52,21.76,30,0,0,30,11,4.6,30,0,0,30,73,30.54,30,0,0,30,0,0,30,21,8.79,30,59,24.69,30,0,0,30,0,0,30,96,40.17,30,0,0,30,0,0,30,0,0,30,69,28.87,30,0,0,30,53,22.18,30,0,0,30,56,23.43,30,0,0
Study-USJ-BU-001,P01,Male,32,G1,Stimulus,Instructions-Part-1,8161,3439,,103,30,0,0,30,0,0,30,0,0,30,40,38.83,30,0,0,30,0,0,30,0,0,30,55,53.4,30,56,54.37,30,56,54.37,-30,0,0,-30|30,0,0,30,0,0,30,0,0,30,0,0,30,56,54.37,30,0,0,30,0,0,30,0,0,30,0,0,30,0,0,30,0,0,30,52,50.49,30,0,0,30,0,0,30,0,0,30,37,35.92,30,0,0,30,0,0,30,0,0,30,20,19.42,30,0,0
Study-USJ-BU-001,P01,Male,32,G1,Stimulus,logo01,11612,5997,,180,30,0,0,30,0,0,30,0,0,30,10,5.56,30,0,0,30,0,0,30,0,0,30,37,20.56,30,98,54.44,30,51,28.33,-30,0,0,-30|30,47,26.11,30,0,0,30,18,10,30,0,0,30,56,31.11,30,0,0,30,1,0.56,30,0,0,30,2,1.11,30,0,0,30,0,0,30,52,28.89,30,0,0,30,0,0,30,0,0,30,10,5.56,30,0,0,30,70,38.89,30,0,0,30,0,0,30,0,0
Study-USJ-BU-001,P01,Male,32,G1,Stimulus,logo02_name-white,17623,5987,,179,30,0,0,30,0,0,30,0,0,30,72,40.22,30,0,0,30,0,0,30,0,0,30,100,55.87,30,100,55.87,30,100,55.87,-30,0,0,-30|30,0,0,30,0,0,30,10,5.59,30,0,0,30,100,55.87,30,0,0,30,0,0,30,0,0,30,11,6.15,30,0,0,30,0,0,30,100,55.87,30,0,0,30,0,0,30,0,0,30,75,41.9,30,0,0,30,100,55.87,30,0,0,30,0,0,30,0,0
Study-USJ-BU-001,P01,Male,32,G1,Stimulus,logo03_name-white,23619,5990,,180,30,0,0,30,0,0,30,19,10.56,30,6,3.33,30,0,0,30,0,0,30,0,0,30,38,21.11,30,97,53.89,30,33,18.33,-30,10,5.56,-30|30,54,30,30,0,0,30,16,8.89,30,0,0,30,40,22.22,30,0,0,30,0,0,30,10,5.56,30,52,28.89,30,0,0,30,0,0,30,66,36.67,30,0,0,30,0,0,30,0,0,30,11,6.11,30,0,0,30,81,45,30,0,0,30,0,0,30,0,0
Study-USJ-BU-001,P01,Male,32,G1,Stimulus,logo04_name-white,29692,5999,,180,30,0,0,30,0,0,30,2,1.11,30,0,0,30,0,0,30,0,0,30,0,0,30,0,0,30,100,55.56,30,0,0,-30,1,0.56,-30|30,99,55,30,0,0,30,0,0,30,0,0,30,0,0,30,0,0,30,1,0.56,30,0,0,30,80,44.44,30,0,0,30,0,0,30,4,2.22,30,0,0,30,0,0,30,0,0,30,0,0,30,0,0,30,75,41.67,30,0,0,30,0,0,30,0,0
Study-USJ-BU-001,P01,Male,32,G1,Stimulus,Survey-FavoriteBrand,35771,17656,,528,30,0,0,30,0,0,30,0,0,30,11,2.08,30,51,9.66,30,0,0,30,0,0,30,144,27.27,30,289,54.73,30,116,21.97,-30,0,0,-30|30,173,32.77,30,0,0,30,87,16.48,30,0,0,30,101,19.13,30,0,0,30,0,0,30,0,0,30,60,11.36,30,0,0,30,0,0,30,92,17.42,30,0,0,30,0,0,30,0,0,30,119,22.54,30,0,0,30,18,3.41,30,0,0,30,0,0,30,0,0
Study-USJ-BU-001,P01,Male,32,G1,Stimulus,Survey-BrandAwareness,53463,18944,,567,30,0,0,30,0,0,30,56,9.88,30,11,1.94,30,53,9.35,30,0,0,30,17,3,30,167,29.45,30,325,57.32,30,93,16.4,-30,25,4.41,-30|30,207,36.51,30,5,0.88,30,104,18.34,30,0,0,30,89,15.7,30,0,0,30,0,0,30,13,2.29,30,136,23.99,30,0,0,30,0,0,30,202,35.63,30,0,0,30,50,8.82,30,15,2.65,30,108,19.05,30,0,0,30,47,8.29,30,0,0,30,6,1.06,30,94,16.58
Study-USJ-BU-001,P01,Male,32,G1,Stimulus,Instructions-Part-2,72431,14508,,434,30,0,0,30,0,0,30,0,0,30,42,9.68,30,11,2.53,30,0,0,30,8,1.84,30,166,38.25,30,234,53.92,30,153,35.25,-30,0,0,-30|30,81,18.66,30,0,0,30,84,19.35,30,8,1.84,30,153,35.25,30,0,0,30,3,0.69,30,0,0,30,23,5.3,30,0,0,30,0,0,30,145,33.41,30,0,0,30,11,2.53,30,8,1.84,30,118,27.19,30,0,0,30,47,10.83,30,0,0,30,0,0,30,0,0
Study-USJ-BU-001,P01,Male,32,G1,Stimulus,logo-product01,86952,5990,,179,30,0,0,30,0,0,30,0,0,30,0,0,30,0,0,30,0,0,30,0,0,30,0,0,30,100,55.87,30,0,0,-30,0,0,-30|30,100,55.87,30,0,0,30,42,23.46,30,6,3.35,30,12,6.7,30,0,0,30,0,0,30,0,0,30,18,10.06,30,0,0,30,0,0,30,2,1.12,30,0,0,30,0,0,30,0,0,30,0,0,30,0,0,30,48,26.82,30,0,0,30,0,0,30,0,0
Study-USJ-BU-001,P01,Male,32,G1,Stimulus,logo-product02,92949,5990,,180,30,0,0,30,0,0,30,0,0,30,0,0,30,0,0,30,0,0,30,0,0,30,7,3.89,30,96,53.33,30,0,0,-30,0,0,-30|30,96,53.33,30,0,0,30,78,43.33,30,0,0,30,0,0,30,0,0,30,0,0,30,0,0,30,30,16.67,30,0,0,30,0,0,30,0,0,30,0,0,30,0,0,30,0,0,30,0,0,30,0,0,30,11,6.11,30,0,0,30,0,0,30,0,0
Study-USJ-BU-001,P01,Male,32,G1,Stimulus,logo-product03,98958,5999,,180,30,0,0,30,0,0,30,0,0,30,0,0,30,0,0,30,0,0,30,0,0,30,4,2.22,30,96,53.33,30,0,0,-30,0,0,-30|30,96,53.33,30,0,0,30,80,44.44,30,0,0,30,0,0,30,0,0,30,0,0,30,0,0,30,48,26.67,30,0,0,30,0,0,30,0,0,30,0,0,30,0,0,30,0,0,30,0,0,30,0,0,30,16,8.89,30,0,0,30,0,0,30,0,0
Study-USJ-BU-001,P01,Male,32,G1,Stimulus,logo-product04,105021,5996,,179,30,0,0,30,0,0,30,0,0,30,0,0,30,0,0,30,0,0,30,0,0,30,0,0,30,101,56.42,30,8,4.47,-30,0,0,-30|30,93,51.96,30,0,0,30,53,29.61,30,0,0,30,7,3.91,30,0,0,30,1,0.56,30,0,0,30,29,16.2,30,0,0,30,0,0,30,0,0,30,0,0,30,0,0,30,0,0,30,6,3.35,30,0,0,30,2,1.12,30,0,0,30,0,0,30,0,0
Study-USJ-BU-001,P01,Male,32,G1,Stimulus,Survey-FavoriteProduct,111053,19927,,596,30,0,0,30,0,0,30,11,1.85,30,189,31.71,30,0,0,30,0,0,30,0,0,30,214,35.91,30,329,55.2,30,218,36.58,-30,3,0.5,-30|30,108,18.12,30,1,0.17,30,2,0.34,30,0,0,30,220,36.91,30,0,0,30,5,0.84,30,7,1.17,30,24,4.03,30,0,0,30,0,0,30,50,8.39,30,0,0,30,0,0,30,0,0,30,219,36.74,30,0,0,30,67,11.24,30,0,0,30,0,0,30,13,2.18
Study-USJ-BU-001,P01,Male,32,G1,Stimulus,Instructions-Part-3,131007,16971,,508,30,0,0,30,0,0,30,0,0,30,0,0,30,0,0,30,0,0,30,0,0,30,59,11.61,30,276,54.33,30,5,0.98,-30,0,0,-30|30,271,53.35,30,0,0,30,100,19.69,30,0,0,30,3,0.59,30,0,0,30,2,0.39,30,0,0,30,4,0.79,30,0,0,30,0,0,30,50,9.84,30,0,0,30,0,0,30,2,0.39,30,0,0,30,0,0,30,45,8.86,30,0,0,30,0,0,30,0,0
Study-USJ-BU-001,P01,Male,32,G1,Stimulus,video01 - LOOK,148002,64580,,1932,30,0,0,30,0,0,30,6,0.31,30,0,0,30,15,0.78,30,0,0,30,0,0,30,83,4.3,30,1168,60.46,30,234,12.11,-30,0,0,-30|30,934,48.34,30,0,0,30,158,8.18,30,0,0,30,216,11.18,30,0,0,30,13,0.67,30,3,0.16,30,170,8.8,30,0,0,30,0,0,30,642,33.23,30,0,0,30,0,0,30,0,0,30,205,10.61,30,0,0,30,657,34.01,30,0,0,30,0,0,30,0,0
Study-USJ-BU-001,P01,Male,32,G1,Stimulus,video02 - Pinarello,212595,60230,,1803,30,0,0,30,0,0,30,0,0,30,0,0,30,22,1.22,30,13,0.72,30,0,0,30,98,5.44,30,1082,60.01,30,30,1.66,-30,0,0,-30|30,1052,58.35,30,0,0,30,272,15.09,30,0,0,30,20,1.11,30,0,0,30,6,0.33,30,0,0,30,56,3.11,30,0,0,30,0,0,30,95,5.27,30,0,0,30,0,0,30,0,0,30,26,1.44,30,0,0,30,496,27.51,30,0,0,30,0,0,30,0,0
Study-USJ-BU-001,P01,Male,32,G1,Stimulus,video03 - Trek,272842,69645,,2084,30,0,0,30,0,0,30,23,1.1,30,0,0,30,0,0,30,0,0,30,0,0,30,15,0.72,30,1282,61.52,30,33,1.58,-30,31,1.49,-30|30,1218,58.45,30,0,0,30,28,1.34,30,0,0,30,24,1.15,30,0,0,30,5,0.24,30,6,0.29,30,269,12.91,30,0,0,30,0,0,30,32,1.54,30,0,0,30,0,0,30,0,0,30,28,1.34,30,0,0,30,138,6.62,30,0,0,30,0,0,30,0,0
Study-USJ-BU-001,P01,Male,32,G1,Stimulus,video04 - Specialized,342563,60158,,1800,30,0,0,30,0,0,30,101,5.61,30,0,0,30,0,0,30,55,3.06,30,0,0,30,0,0,30,1103,61.28,30,1,0.06,-30,117,6.5,-30|30,985,54.72,30,0,0,30,11,0.61,30,0,0,30,0,0,30,0,0,30,2,0.11,30,18,1,30,835,46.39,30,0,0,30,0,0,30,146,8.11,30,0,0,30,0,0,30,0,0,30,15,0.83,30,0,0,30,720,40,30,0,0,30,0,0,30,0,0
Study-USJ-BU-001,P01,Male,32,G1,Stimulus,Survey-FavoriteVideoAd,402734,12658,,378,30,0,0,30,0,0,30,8,2.12,30,0,0,30,0,0,30,12,3.17,30,0,0,30,4,1.06,30,214,56.61,30,67,17.72,-30,7,1.85,-30|30,140,37.04,30,10,2.65,30,3,0.79,30,0,0,30,70,18.52,30,0,0,30,0,0,30,9,2.38,30,28,7.41,30,0,0,30,0,0,30,1,0.26,30,0,0,30,0,0,30,0,0,30,41,10.85,30,0,0,30,74,19.58,30,0,0,30,0,0,30,0,0
Study-USJ-BU-001,P00,Male,47,G1,Stimulus,Survey-Starting-Agreement,151,33431,,999,30,0,0,30,0,0,30,0,0,30,0,0,30,3,0.3,30,0,0,30,0,0,30,94,9.41,30,576,57.66,30,0,0,-30,0,0,-30|30,576,57.66,30,0,0,30,148,14.81,30,0,0,30,0,0,30,0,0,30,0,0,30,0,0,30,0,0,30,0,0,30,0,0,30,5,0.5,30,0,0,30,0,0,30,0,0,30,0,0,30,0,0,30,0,0,30,0,0,30,0,0,30,0,0
Study-USJ-BU-001,P00,Male,47,G1,Stimulus,Instructions-Part-1,33642,5975,,179,30,0,0,30,0,0,30,0,0,30,0,0,30,0,0,30,0,0,30,0,0,30,0,0,30,102,56.98,30,0,0,-30,0,0,-30|30,102,56.98,30,0,0,30,0,0,30,0,0,30,0,0,30,0,0,30,0,0,30,0,0,30,0,0,30,0,0,30,0,0,30,0,0,30,0,0,30,0,0,30,0,0,30,0,0,30,0,0,30,0,0,30,0,0,30,0,0,30,0,0
Study-USJ-BU-001,P00,Male,47,G1,Stimulus,logo01,39634,5995,,179,30,0,0,30,0,0,30,0,0,30,0,0,30,0,0,30,0,0,30,0,0,30,1,0.56,30,111,62.01,30,0,0,-30,0,0,-30|30,111,62.01,30,0,0,30,29,16.2,30,0,0,30,0,0,30,0,0,30,0,0,30,0,0,30,0,0,30,0,0,30,0,0,30,13,7.26,30,0,0,30,0,0,30,0,0,30,0,0,30,0,0,30,0,0,30,0,0,30,0,0,30,0,0
Study-USJ-BU-001,P00,Male,47,G1,Stimulus,logo02_name-white,45641,5987,,180,30,0,0,30,0,0,30,0,0,30,0,0,30,0,0,30,0,0,30,0,0,30,0,0,30,107,59.44,30,0,0,-30,0,0,-30|30,107,59.44,30,0,0,30,0,0,30,0,0,30,0,0,30,0,0,30,0,0,30,0,0,30,0,0,30,0,0,30,0,0,30,15,8.33,30,0,0,30,0,0,30,0,0,30,0,0,30,0,0,30,0,0,30,0,0,30,0,0,30,0,0
Study-USJ-BU-001,P00,Male,47,G1,Stimulus,logo03_name-white,51642,5996,,179,30,0,0,30,0,0,30,0,0,30,0,0,30,0,0,30,0,0,30,0,0,30,0,0,30,101,56.42,30,0,0,-30,0,0,-30|30,101,56.42,30,0,0,30,0,0,30,0,0,30,0,0,30,0,0,30,0,0,30,0,0,30,0,0,30,0,0,30,0,0,30,1,0.56,30,0,0,30,0,0,30,0,0,30,0,0,30,0,0,30,0,0,30,0,0,30,0,0,30,0,0
Study-USJ-BU-001,P00,Male,47,G1,Stimulus,logo04_name-white,57726,5996,,179,30,0,0,30,0,0,30,0,0,30,0,0,30,0,0,30,0,0,30,0,0,30,0,0,30,103,57.54,30,0,0,-30,0,0,-30|30,103,57.54,30,0,0,30,0,0,30,0,0,30,0,0,30,0,0,30,0,0,30,0,0,30,0,0,30,0,0,30,0,0,30,0,0,30,0,0,30,0,0,30,0,0,30,0,0,30,0,0,30,0,0,30,0,0,30,0,0,30,0,0
Study-USJ-BU-001,P00,Male,47,G1,Stimulus,Survey-FavoriteBrand,63791,6579,,197,30,0,0,30,0,0,30,0,0,30,0,0,30,0,0,30,0,0,30,0,0,30,0,0,30,116,58.88,30,0,0,-30,0,0,-30|30,116,58.88,30,0,0,30,0,0,30,0,0,30,0,0,30,0,0,30,0,0,30,0,0,30,0,0,30,0,0,30,0,0,30,0,0,30,0,0,30,0,0,30,0,0,30,0,0,30,0,0,30,0,0,30,0,0,30,0,0,30,0,0
Study-USJ-BU-001,P00,Male,47,G1,Stimulus,Survey-BrandAwareness,70418,2127,,64,30,0,0,30,0,0,30,0,0,30,0,0,30,0,0,30,0,0,30,0,0,30,0,0,30,41,64.06,30,0,0,-30,0,0,-30|30,41,64.06,30,0,0,30,0,0,30,0,0,30,0,0,30,0,0,30,0,0,30,0,0,30,0,0,30,0,0,30,0,0,30,0,0,30,0,0,30,0,0,30,0,0,30,0,0,30,0,0,30,0,0,30,0,0,30,0,0,30,0,0
Study-USJ-BU-001,P00,Male,47,G1,Stimulus,Instructions-Part-2,72559,16472,,493,30,0,0,30,0,0,30,0,0,30,0,0,30,0,0,30,0,0,30,0,0,30,0,0,30,280,56.8,30,0,0,-30,0,0,-30|30,280,56.8,30,0,0,30,7,1.42,30,0,0,30,0,0,30,0,0,30,0,0,30,0,0,30,0,0,30,0,0,30,0,0,30,0,0,30,0,0,30,0,0,30,0,0,30,0,0,30,0,0,30,0,0,30,0,0,30,0,0,30,0,0
Study-USJ-BU-001,P00,Male,47,G1,Stimulus,logo-product01,89042,5995,,180,30,0,0,30,0,0,30,0,0,30,0,0,30,0,0,30,0,0,30,0,0,30,0,0,30,102,56.67,30,0,0,-30,0,0,-30|30,102,56.67,30,0,0,30,4,2.22,30,0,0,30,0,0,30,0,0,30,0,0,30,0,0,30,0,0,30,0,0,30,0,0,30,0,0,30,0,0,30,0,0,30,0,0,30,0,0,30,0,0,30,0,0,30,0,0,30,0,0,30,0,0
Study-USJ-BU-001,P00,Male,47,G1,Stimulus,logo-product02,95058,5995,,179,30,0,0,30,0,0,30,0,0,30,0,0,30,0,0,30,0,0,30,0,0,30,0,0,30,106,59.22,30,0,0,-30,0,0,-30|30,106,59.22,30,0,0,30,10,5.59,30,0,0,30,0,0,30,0,0,30,0,0,30,0,0,30,0,0,30,0,0,30,0,0,30,0,0,30,0,0,30,0,0,30,0,0,30,0,0,30,0,0,30,0,0,30,0,0,30,0,0,30,0,0
Study-USJ-BU-001,P00,Male,47,G1,Stimulus,logo-product03,101066,6002,,180,30,0,0,30,0,0,30,0,0,30,0,0,30,0,0,30,0,0,30,0,0,30,0,0,30,105,58.33,30,0,0,-30,0,0,-30|30,105,58.33,30,0,0,30,0,0,30,0,0,30,0,0,30,0,0,30,0,0,30,0,0,30,0,0,30,0,0,30,0,0,30,0,0,30,0,0,30,0,0,30,0,0,30,0,0,30,0,0,30,0,0,30,0,0,30,0,0,30,0,0
Study-USJ-BU-001,P00,Male,47,G1,Stimulus,logo-product04,107148,6000,,180,30,0,0,30,0,0,30,0,0,30,0,0,30,0,0,30,0,0,30,0,0,30,0,0,30,104,57.78,30,0,0,-30,0,0,-30|30,104,57.78,30,0,0,30,0,0,30,0,0,30,0,0,30,0,0,30,0,0,30,0,0,30,0,0,30,0,0,30,0,0,30,0,0,30,0,0,30,0,0,30,0,0,30,0,0,30,0,0,30,0,0,30,0,0,30,0,0,30,0,0
Study-USJ-BU-001,P00,Male,47,G1,Stimulus,Survey-FavoriteProduct,113186,3364,,100,30,0,0,30,0,0,30,0,0,30,0,0,30,0,0,30,0,0,30,0,0,30,0,0,30,62,62,30,0,0,-30,0,0,-30|30,62,62,30,0,0,30,7,7,30,0,0,30,0,0,30,0,0,30,0,0,30,0,0,30,0,0,30,0,0,30,0,0,30,0,0,30,0,0,30,0,0,30,0,0,30,0,0,30,0,0,30,0,0,30,0,0,30,0,0,30,0,0
Study-USJ-BU-001,P00,Male,47,G1,Stimulus,Instructions-Part-3,116581,7576,,227,30,0,0,30,0,0,30,0,0,30,0,0,30,0,0,30,0,0,30,0,0,30,83,36.56,30,134,59.03,30,0,0,-30,0,0,-30|30,134,59.03,30,0,0,30,131,57.71,30,0,0,30,0,0,30,0,0,30,0,0,30,0,0,30,0,0,30,0,0,30,0,0,30,0,0,30,0,0,30,0,0,30,0,0,30,0,0,30,0,0,30,0,0,30,0,0,30,0,0,30,0,0
Study-USJ-BU-001,P00,Male,47,G1,Stimulus,video01 - LOOK,124186,64299,,1924,30,0,0,30,0,0,30,0,0,30,0,0,30,0,0,30,0,0,30,0,0,30,14,0.73,30,1258,65.38,30,0,0,-30,3,0.16,-30|30,1256,65.28,30,0,0,30,59,3.07,30,0,0,30,0,0,30,0,0,30,0,0,30,0,0,30,0,0,30,0,0,30,16,0.83,30,0,0,30,0,0,30,0,0,30,0,0,30,0,0,30,0,0,30,0,0,30,0,0,30,0,0,30,0,0
Study-USJ-BU-001,P00,Male,47,G1,Stimulus,video02 - Pinarello,188502,60439,,1808,30,0,0,30,0,0,30,0,0,30,0,0,30,0,0,30,0,0,30,0,0,30,0,0,30,1164,64.38,30,0,0,-30,0,0,-30|30,1164,64.38,30,0,0,30,56,3.1,30,0,0,30,0,0,30,0,0,30,2,0.11,30,0,0,30,0,0,30,0,0,30,0,0,30,0,0,30,0,0,30,0,0,30,0,0,30,0,0,30,0,0,30,0,0,30,0,0,30,0,0,30,0,0
Study-USJ-BU-001,P00,Male,47,G1,Stimulus,video03 - Trek,248962,69667,,2084,30,0,0,30,0,0,30,12,0.58,30,0,0,30,0,0,30,0,0,30,0,0,30,232,11.13,30,1311,62.91,30,0,0,-30,13,0.62,-30|30,1311,62.91,30,59,2.83,30,497,23.85,30,0,0,30,0,0,30,0,0,30,0,0,30,21,1.01,30,10,0.48,30,0,0,30,3,0.14,30,31,1.49,30,0,0,30,0,0,30,0,0,30,0,0,30,0,0,30,6,0.29,30,0,0,30,0,0,30,0,0
Study-USJ-BU-001,P00,Male,47,G1,Stimulus,video04 - Specialized,318709,60154,,1799,30,0,0,30,0,0,30,0,0,30,0,0,30,0,0,30,0,0,30,0,0,30,62,3.45,30,1187,65.98,30,0,0,-30,0,0,-30|30,1187,65.98,30,0,0,30,28,1.56,30,0,0,30,0,0,30,0,0,30,2,0.11,30,0,0,30,0,0,30,0,0,30,99,5.5,30,44,2.45,30,0,0,30,0,0,30,0,0,30,0,0,30,255,14.17,30,0,0,30,0,0,30,151,8.39,30,0,0
Study-USJ-BU-001,P00,Male,47,G1,Stimulus,Survey-FavoriteVideoAd,378888,9482,,284,30,0,0,30,0,0,30,0,0,30,0,0,30,0,0,30,0,0,30,0,0,30,9,3.17,30,162,57.04,30,0,0,-30,0,0,-30|30,162,57.04,30,0,0,30,13,4.58,30,0,0,30,0,0,30,0,0,30,0,0,30,0,0,30,0,0,30,0,0,30,0,0,30,0,0,30,0,0,30,0,0,30,0,0,30,0,0,30,0,0,30,0,0,30,0,0,30,0,0,30,0,0
